contractor_id,contractor_type_id,contractor_version,"contractor_bus_name","contractor_number",dmerc_rgn,"address1","address2","address3","city",state_id,"zipcode","phone","fax","status",last_updated,"url","email","ignore","status_flag","cmd_name","cmd_title",contractor_subtype_id
139,10,1,"Noridian Administrative Services","19003",4,"PO Box 6727","900 42nd Street South","","Fargo",35,"58108-6727","8773200390","","A",2013-10-14 11:55:43,"noridianmedicare.com/dme","","","Y","Eileen M. Moynihan","MD, FACP, FACR",4
139,10,2,"Noridian Healthcare Solutions, LLC","19003",4,"PO Box 6727","900 42nd Street South","","Fargo",35,"58108-6727","8773200390","","A",2018-02-14 16:01:17.937000000,"https://med.noridianmedicare.com/web/jddme","","","Y","Peter J. Gurk","MD, CPE, CHCQM",4
140,10,1,"CIGNA Government Services","18003",3,"  2 Vantage Way - Metro Center","","","Nashville",50,"37228","8662704909","","A",2009-01-22 15:26:36,"www.cignagovernmentservices.com/jc","","","N","Robert D. Hoover, Jr.","MD, MPH, FACP",4
140,10,2,"CGS Administrators, LLC","18003",3,"  2 Vantage Way - Metro Center","","","Nashville",50,"37228-","8662704909","","A",2016-12-19 07:46:41.123000000,"www.cgsmedicare.com/jc","","","Y","Robert D. Hoover, Jr.","MD, MPH, FACP",4
143,8,1,"Wisconsin Physicians Service Insurance Corporation","05101",11,"1717  W. Broadway","PO Box 1787","","Madison",57,"53701-1787","8665183285","","A",2018-02-16 11:43:05.910000000,"www.wpsgha.com","","","Y","Robert E. Kettler, MD","MAC Jurisdiction 5 Contractor Medical Director",1
144,8,1,"Wisconsin Physicians Service Insurance Corporation","05201",11,"1717 W.Broadway","PO Box 1787","","Madison",57,"53701-1787","8665183285","","A",2018-02-16 11:43:27.140000000,"www.wpsgha.com","","","Y","Robert E. Kettler, MD","MAC Jurisdiction 5 Contractor Medical Director",1
145,8,1,"Wisconsin Physicians Service Insurance Corporation","05301",11,"1717 W. Broadway","PO Box 1787","","Madison",57,"53701-1787","8665183285","","A",2018-02-16 11:43:50.777000000,"www.wpsgha.com","","","Y","Robert E. Kettler, MD","MAC Jurisdiction 5 Contractor Medical Director",1
146,8,1,"Wisconsin Physicians Service Insurance Corporation","05401",11,"1717 W. Broadway","PO Box 1787","","Madison",57,"53701-1787","8665183285","","A",2018-02-16 11:44:11.647000000,"www.wpsgha.com","","","Y","Robert E. Kettler, MD","MAC Jurisdiction 5 Contractor Medical Director",1
147,9,1,"Wisconsin Physicians Service Insurance Corporation","05102",11,"1717 W. Broadway","PO Box 1787","","Madison",57,"53701-1787","8665183285","","A",2018-02-16 11:44:57.860000000,"www.wpsgha.com","","","Y","Robert E. Kettler, MD","MAC Jurisdiction 5 Contractor Medical Director",2
148,9,1,"Wisconsin Physicians Service Insurance Corporation","05202",11,"1717 W. Broadway","PO Box 1787","","Madison",57,"53701-1787","8665183285","","A",2018-02-16 11:45:12.987000000,"www.wpsgha.com","","","Y","Robert E. Kettler, MD","MAC Jurisdiction 5 Contractor Medical Director",2
149,9,1,"Wisconsin Physicians Service Insurance Corporation","05302",11,"1717 W. Broadway","PO Box 1787","","Madison",57,"53701-1787","8665183285","","A",2018-02-16 11:45:24.137000000,"www.wpsgha.com","","","Y","Robert E. Kettler, MD","MAC Jurisdiction 5 Contractor Medical Director",2
151,9,1,"Wisconsin Physicians Service Insurance Corporation","05402",11,"1717 W. Broadway","PO Box 1787","","Madison",57,"53701-1787","8665183285","","A",2018-02-16 11:45:43.697000000,"www.wpsgha.com","","","Y","Robert E. Kettler, MD","MAC Jurisdiction 5 Contractor Medical Director",2
228,9,1,"CIGNA Government Services","15102",," Two Vantage Way","","","Nashville",50," 27228","8662769558","","A",2011-05-02 09:51:24,"www.cignagovernmentservices.com\J15","","","N","Dr. Gary Oakes"," ",2
228,9,2,"CGS Administrators, LLC","15102",14,"Two Vantage Way","","","Nashville",50,"37228-","6156605423","","A",2017-04-27 11:07:33.433000000,"www.cgsmedicare.com","","","Y","Earl Berman, MD, FACP","Medical Director",2
236,11,1,"CIGNA Government Services","15004",,"Two Vantage Way","","","Nashville",50,"27228","8662769558","","A",2011-05-02 09:52:31,"www.cignagovernmentservices.com\J15","","","N","Dr. Gary Oakes","MD",3
236,11,2,"CGS Administrators, LLC","15004",14,"Two Vantage Way","","","Nashville",50,"37228-","6156605352","","A",2019-02-05 08:34:41.720000000,"www.cgsmedicare.com","","","Y","Neil Sandler, MD","Chief Medical Officer",3
238,9,1,"CIGNA Government Services","15202",,"Two Vintage Way","","","Nashville",50,"27228","8662769558","","A",2011-05-04 12:53:30,"www.cignagovernmentservices.com\J15","","","N","Dr. Gary Oakes","Medical Director",2
238,9,2,"CGS Administrators, LLC","15202",14,"Two Vantage Way","","","Nashville",50,"37228-","6156605423","","A",2017-04-27 11:08:02.080000000,"www.cgsmedicare.com","","","Y","Earl Berman, MD, FACP","Medical Director",2
239,8,1,"CGS Administrators, LLC","15101",14,"Two Vantage Way","","","Nashville",50,"37228-","8665906703","","A",2017-04-27 10:56:08.080000000,"www.cgsmedicare.com","","","Y","Neil Sandler, MD","Chief Medical Officer",1
240,8,1,"CGS Administrators, LLC","15201",14,"Two Vantage Way","","","Nashville",50,"37228-","8665906703","","A",2017-04-27 10:57:03.110000000,"www.cgsmedicare.com","","","Y","Neil Sandler, MD","Chief Medical Officer",1
264,8,1,"Wisconsin Physicians Service Insurance Corporation","08101",13,"1717 W. Broadway","PO BOX 1787","","Madison",57,"53701-1787","8662347331","","A",2018-02-16 11:46:22.207000000,"www.wpsgha.com","","","Y","Ella M. Noel, D.O., F.A.C.O.I.","Mac Jurisdiction 8 Contractor Medical Director",1
265,9,1,"Wisconsin Physicians Service Insurance Corporation","08102",13,"1717 W. Broadway","PO BOX 1787","","Madison",57,"53701-1787","8662347331","","A",2018-02-16 11:47:01.680000000,"www.wpsgha.com","","","Y","Ella M. Noel, D.O., F.A.C.O.I.","Mac Jurisdiction 8 Contractor Medical Director",2
266,8,1,"Wisconsin Physicians Service Insurance Corporation","08201",13,"1717 W. Broadway","PO BOX 1787","","Madison",57,"53701-1787","8662347331","","A",2018-02-16 11:46:35.517000000,"www.wpsgha.com","","","Y","Ella M. Noel, D.O., F.A.C.O.I.","Mac Jurisdiction 8 Contractor Medical Director",1
267,9,1,"Wisconsin Physicians Service Insurance Corporation","08202",13,"1717 W. Broadway","PO BOX 1787","","Madison",57,"53701-1787","8662347331","","A",2018-02-16 11:50:36.007000000,"www.wpsgha.com","","","Y","Ella M. Noel, D.O., F.A.C.O.I.","Mac Jurisdiction 8 Contractor Medical Director",2
268,8,1,"Wisconsin Physicians Service Insurance Corporation","05901",11," 1717 W. Broadway","PO Box 1787","","Madison",57,"53701-1787","8665183285","","A",2018-07-26 15:17:57.827000000,"www.wpsgha.com","","","Y","Robert E. Kettler, MD","MAC Jurisdiction 5 Contractor Medical Director",1
269,8,1,"National Government Services, Inc.","06101",12," P. O. Box 7108","",""," Indianapolis",20,"46207-7108","8662347340","","A",2017-04-27 10:58:11.593000000,"www.ngsmedicare.com","","","Y"," Carolyn Cunningham, M.D."," J6 Contract Medical Director",1
270,8,1,"National Government Services, Inc.","06201",12," P. O. Box 7108","",""," Indianapolis",20,"46207-7108","8662347340","","A",2017-04-27 10:58:37.387000000,"www.ngsmedicare.com","","","Y"," Carolyn Cunningham, M.D."," J6 Contract Medical Director",1
271,8,1,"National Government Services, Inc.","06301",12," P. O. Box 7108","",""," Indianapolis",20,"46207-7108","8662347340","","A",2017-04-27 10:59:00.920000000,"www.ngsmedicare.com","","","Y"," Carolyn Cunningham, M.D."," J6 Contract Medical Director",1
272,11,1,"National Government Services, Inc.","06004",12," P. O. Box 7108","",""," Indianapolis",20,"46207-7108","8662347340","","A",2017-05-31 16:52:49.303000000,"www.ngsmedicare.com","","","Y"," Carolyn Cunningham, M.D."," J6 Contract Medical Director",3
273,9,1,"National Government Services, Inc.","06102",12," P. O. Box 7108","",""," Indianapolis",20,"46207-7108","8662347340","","A",2017-04-27 11:08:29.297000000,"www.ngsmedicare.com","","","Y"," Carolyn Cunningham, M.D."," J6 Contract Medical Director",2
274,9,1,"National Government Services, Inc.","06202",12," P. O. Box 7108","",""," Indianapolis",20,"46207-7108","8662347340","","A",2017-04-27 11:08:51.310000000,"www.ngsmedicare.com","","","Y"," Carolyn Cunningham, M.D."," J6 Contract Medical Director",2
275,9,1,"National Government Services, Inc.","06302",12," P. O. Box 7108","","","Indianapolis ",20,"46207-7108","8662347340","","A",2017-04-27 11:09:12.753000000,"www.ngsmedicare.com","","","Y"," Carolyn Cunningham, M.D."," J6 Contract Medical Director",2
297,13,1,"National Government Services, Inc.","13101",7,"P.O. Box 7108","","","Indianapolis",20,"46207-7108","8003386101","","A",2014-02-25 10:07:42.887000000,"www.ngsmedicare.com","","","Y","Laurence Clark, MD","Medical Director",1
298,13,1,"National Government Services, Inc.","13201",7,"P.O. Box 7108","","","Indianapolis",20,"46207-7108","8003386101","","A",2014-02-25 10:07:43.103000000,"www.ngsmedicare.com","","","Y","Laurence Clark, MD  ","Medical Director  ",1
299,13,1,"National Government Services, Inc.","13102",7,"P.O. Box 7108","","","Indianapolis",20,"46207-7108","8003386101","","A",2014-02-25 10:07:43.200000000,"www.ngsmedicare.com","","","Y","Laurence Clark, MD ","Contractor Medical Director ",2
300,13,1,"National Government Services, Inc.","13202",7,"P.O. Box 7108","","","Indianapolis",20,"46207-7108","8003386101","","A",2014-12-22 15:02:33,"www.ngsmedicare.com","","","Y","Laurence Clark, MD  ","Medical Director  ",2
301,13,1,"National Government Services, Inc.","13282",7,"P.O. Box 7108","","","Indianapolis",20,"46207-7108","8003386101","","A",2014-02-25 10:07:43.400000000,"www.ngsmedicare.com","","","Y","Laurence Clark, MD ","Medical Director ",2
302,13,1,"National Government Services, Inc.","13292",7,"P.O. Box 7108","","","Indianapolis",20,"46207-7108","8003386101","","A",2014-02-25 10:07:43.527000000,"www.ngsmedicare.com","","","Y","Laurence Clark, MD ","Medical Director ",2
303,13,1,"National Government Services, Inc.","14411",7," P.O.Box 7108","","","Indianapolis",20,"46207","","","A",2014-02-25 10:07:43.603000000,"ngsmedicare.com","","","Y","Laurence Clark, MD","Contractor Medical Director",1
304,13,1,"National Government Services, Inc.","14211",7," P.O. Box 7108","",""," Indianapolis",20,"46207-7108","","","A",2014-02-25 10:07:43.730000000,"ngsmedicare.com","","","Y","Laurence Clark, MD","Contractor Medical Director",1
305,13,1,"National Government Services, Inc.","14311",7," P.O.Box 7108","","","Indianapolis",20,"46207-7108","","","A",2014-02-25 10:07:43.823000000,"ngsmedicare.com","","","Y","Laurence Clark, MD","Contractor Medical Director",1
306,13,1,"National Government Services, Inc.","14511",7," P.O. Box 7108","","","Indianapolis",20,"46207-7108","","","A",2014-02-25 10:07:43.917000000,"ngsmedicare.com","","","Y","Laurence Clark, MD","Contractor Medical Director",1
307,13,1,"National Government Services, Inc.","14111",7," P.O Box 7108","","","Indianapolis",20,"46207-7108","","","A",2014-02-25 10:07:44.027000000,"NGSmedicare.com","","","Y","Laurence Clark, MD","Contractor Medical Director",1
308,13,1,"National Government Services, Inc.","14014",7," P.O.Box 7108"," ",""," Indianapolis",20,"46207-7108","","","A",2014-02-25 10:07:44.120000000,"ngsmedicare.com","","","Y","Laurence Clark, MD","Contractor Medical Director",3
309,13,1,"National Government Services, Inc.","14112",7," P.O.Box 7108"," ",""," Indianapolis",20,"46207-7108","","","A",2014-02-25 10:07:44.213000000,"ngsmedicare.com","","","Y","Laurence Clark, MD","Contractor Medical Director",2
310,13,1,"National Government Services, Inc.","14212",7," P.O. Box 7108"," ","","Indianapolis",20,"46207","","","A",2014-02-25 10:07:44.353000000,"ngsmedicare.com","","","Y","Laurence Clark, MD","Contractor Medical Director",2
311,13,1,"National Government Services, Inc.","14312",7," P.O.Box 7108","","","Indianapolis",20,"46207-7108","","","A",2014-02-25 10:07:44.480000000,"ngsmedicare.com","","","Y","Laurence Clark, MD","Contractor Medical Director",2
312,13,1,"National Government Services, Inc.","14512",7," P.O. Box 7108"," ","","Indianapolis",20,"46207-7108","","","A",2014-02-25 10:07:44.590000000,"ngsmedicare.com","","","Y","Laurence Clark, MD","Contractor Medical Director",2
313,13,1,"National Government Services, Inc.","14412",7," P.O. Box 7108 "," ","","Indianapolis",20,"46207-7108","","","A",2014-02-25 10:07:44.667000000,"ngsmedicare.com","","","Y","Laurence Clark, MD","Contractor Medical Director",2
314,12,1,"Novitas Solutions, Inc.","12101",8,"Suite 100","2020 Technology Parkway","","Mechanicsburg",45,"17050-","8772358073","","A",2016-08-10 09:29:48.677000000,"www.novitas-solutions.com","","","Y","Debra Patterson","VP Clinical Affairs and Chief Medical Officer",1
315,12,1,"Novitas Solutions, Inc.","12201",8,"Suite 100","2020 Technology Parkway","","Mechanicsburg",45,"17050-","8772358073","","A",2016-08-10 09:31:11.063000000,"www.novitas-solutions.com","","","Y","Debra Patterson","VP Clinical Affairs and Chief Medical Officer",1
316,12,1,"Novitas Solutions, Inc.","12301",8,"Suite 100","2020 Technology Parkway","","Mechanicsburg",45,"17050-","8772358073","","A",2016-08-10 09:32:37.330000000,"www.novitas-solutions.com","","","Y","Debra Patterson","VP Clinical Affairs and Chief Medical Officer",1
317,12,1,"Novitas Solutions, Inc.","12401",8,"Suite 100","2020 Technology Parkway","","Mechanicsburg",45,"17050-","8772358073","","A",2016-08-10 09:34:09.730000000,"www.novitas-solutions.com","","","Y","Debra Patterson","VP Clinical Affairs and Chief Medical Officer",1
318,12,1,"Novitas Solutions, Inc.","12501",8,"Suite 100","2020 Technology Parkway","","Mechanicsburg",45,"17050-","8772358073","","A",2016-08-10 09:35:29.637000000,"www.novitas-solutions.com","","","Y","Debra Patterson","VP Clinical Affairs and Chief Medical Officer",1
319,12,1,"Novitas Solutions, Inc.","12102",8,"Suite 100","2020 Technology Parkway","","Mechanicsburg",45,"17050-","8772358073","","A",2016-08-10 09:30:28.833000000,"www.novitas-solutions.com","","","Y","Debra Patterson","VP Clinical Affairs and Chief Medical Officer",2
320,12,1,"Novitas Solutions, Inc.","12202",8,"Suite 100","2020 Technology Parkway","","Mechanicsburg",45,"17050-","8772358073","","A",2016-08-10 09:31:51.030000000,"www.novitas-solutions.com","","","Y","Debra Patterson","VP Clinical Affairs and Chief Medical Officer",2
321,12,1,"Novitas Solutions, Inc.","12302",8,"Suite 100","2020 Technology Parkway","","Mechanicsburg",45,"17050-","8772358073","","A",2016-08-10 09:33:16.473000000,"www.novitas-solutions.com","","","Y","Debra Patterson","VP Clinical Affairs and Chief Medical Officer",2
322,12,1,"Novitas Solutions, Inc.","12402",8,"Suite 100","2020 Technology Parkway","","Mechanicsburg",45,"17050-","8772358073","","A",2016-08-10 09:34:48.450000000,"www.novitas-solutions.com","","","Y","Debra Patterson","VP Clinical Affairs and Chief Medical Officer",2
323,12,1,"Novitas Solutions, Inc.","12502",8,"Suite 100","2020 Technology Parkway","","Mechanicsburg",45,"17050-","8772358073","","A",2016-08-10 09:36:10.710000000,"www.novitas-solutions.com","","","Y","Debra Patterson","VP Clinical Affairs and Chief Medical Officer",2
324,12,1,"Novitas Solutions, Inc.","12901",8,"Suite 100","2020 Technology Parkway","","Mechanicsburg",45,"17050-","8772358073","","A",2016-08-10 09:36:52.723000000,"www.novitas-solutions.com","","","Y","Debra Patterson","VP Clinical Affairs and Chief Medical Officer",1
325,12,1,"Novitas Solutions, Inc.","07102",4,"Suite 100","2020 Technology Parkway","","Mechanicsburg",45,"17050-","8552528782","","A",2016-08-10 09:26:06.717000000,"www.novitas-solutions.com","","","Y","Debra Patterson","VP Clinical Affairs and Chief Medical Officer",2
326,12,1,"Novitas Solutions, Inc.","07202",4,"Suite 100","2020 Technology Parkway","","Mechanicsburg",45,"17050-","8552528782","","A",2016-08-10 09:27:39.337000000,"www.novitas-solutions.com","","","Y","Debra Patterson","VP Clinical Affairs and Chief Medical Officer",2
327,12,1,"Novitas Solutions, Inc.","07101",4,"Suite 100","2020 Technology Parkway","","Mechanicsburg",45,"17050-","8552528782","","A",2016-08-10 09:25:17.717000000,"www.novitas-solutions.com","","","Y","Debra Patterson","VP Clinical Affairs and Chief Medical Officer",1
328,12,1,"Novitas Solutions, Inc.","07201",4,"Suite 100","2020 Technology Parkway","","Mechanicsburg",45,"17050-","8552528782","","A",2016-08-10 09:26:46.950000000,"www.novitas-solutions.com","","","Y","Debra Patterson","VP Clinical Affairs and Chief Medical Officer",1
329,12,1,"Novitas Solutions, Inc.","07301",4,"Suite 100","2020 Technology Parkway","","Mechanicsburg",45,"17050-","8552528782","","A",2016-08-10 09:28:21.317000000,"www.novitas-solutions.com","","","Y","Debra Patterson","VP Clinical Affairs and Chief Medical Officer",1
330,12,1,"Novitas Solutions, Inc.","07302",4,"Suite 100","2020 Technology Parkway","","Mechanicsburg",45,"17050-","8552528782","","A",2016-08-10 09:29:08.477000000,"www.novitas-solutions.com","","","Y","Debra Patterson","VP Clinical Affairs and Chief Medical Officer",2
331,12,1,"Novitas Solutions, Inc.","04111",4,"Suite 100","2020 Technology Parkway","","Mechanicsburg",45,"17050-","8552528782","","A",2018-02-14 12:46:15.253000000,"www.novitas-solutions.com","","","Y","Debra Patterson","VP Clinical Affairs and Chief Medical Officer",1
332,12,1,"Novitas Solutions, Inc.","04211",4,"Suite 100","2020 Technology Parkway","","Mechanicsburg",45,"17050-","8552528782","","A",2016-08-10 09:20:11.673000000,"www.novitas-solutions.com","","","Y","Debra Patterson","VP Clinical Affairs and Chief Medical Officer",1
333,12,1,"Novitas Solutions, Inc.","04311",4,"Suite 100","2020 Technology Parkway","","Mechanicsburg",45,"17050-","8552528782","","A",2016-08-10 09:21:33.217000000,"www.novitas-solutions.com","","","Y","Debra Patterson","VP Clinical Affairs and Chief Medical Officer",1
334,12,1,"Novitas Solutions, Inc.","04411",4,"Suite 100","2020 Technology Parkway","","Mechanicsburg",45,"17050-","8552528782","","A",2016-08-10 09:23:10.920000000,"www.novitas-solutions.com","","","Y","Debra Patterson","VP Clinical Affairs and Chief Medical Officer",1
335,12,1,"Novitas Solutions, Inc.","04112",4,"Suite 100","2020 Technology Parkway","","Mechanicsburg",45,"17050-","8552528782","","A",2018-02-14 12:46:39.263000000,"www.novitas-solutions.com","","","Y","Debra Patterson","VP Clinical Affairs and Chief Medical Officer",2
336,12,1,"Novitas Solutions, Inc.","04212",4,"Suite 100","2020 Technology Parkway","","Mechanicsburg",45,"17050-","8552528782","","A",2016-08-10 09:20:55.370000000,"www.novitas-solutions.com","","","Y","Debra Patterson","VP Clinical Affairs and Chief Medical Officer",2
337,12,1,"Novitas Solutions, Inc.","04312",4,"Suite 100","2020 Technology Parkway","","Mechanicsburg",45,"17050-","8552528782","","A",2016-08-10 09:22:14.620000000,"www.novitas-solutions.com","","","Y","Debra Patterson","VP Clinical Affairs and Chief Medical Officer",2
338,12,1,"Novitas Solutions, Inc.","04412",4,"Suite 100","2020 Technology Parkway","","Mechanicsburg",45,"17050-","8552528782","","A",2016-08-10 09:23:49.750000000,"www.novitas-solutions.com","","","Y","Debra Patterson","VP Clinical Affairs and Chief Medical Officer",2
339,12,1,"Novitas Solutions, Inc.","04911",4,"Suite 100","2020 Technology Parkway","","Mechanicsburg",45,"17050-","8552528782","","A",2016-08-10 09:24:36.610000000,"www.novitas-solutions.com","","","Y","Debra Patterson","VP Clinical Affairs and Chief Medical Officer",1
340,12,1,"Noridian Healthcare Solutions, LLC","03201",2,"900 42nd Street S","PO Box 6781","","Fargo",35,"58103-6781","8779088431","","A",2019-02-12 17:00:35.453000000,"www.noridianmedicare.com","","","Y","Janet Lawrence","MD",1
341,12,1,"Noridian Healthcare Solutions, LLC","03301",2," 900 42nd Street S","PO Box 6781","","Fargo",35,"58103-6781","8779088431","","A",2019-02-12 17:01:44.990000000,"www.noridianmedicare.com","","","Y","Janet Lawrence","MD",1
342,12,1,"Noridian Healthcare Solutions, LLC","03401",2," 900 42nd Street S","PO Box 6781","","Fargo",35,"58103-6781","8779088431","","A",2019-02-12 17:03:15.477000000,"www.noridianmedicare.com","","","Y","Janet Lawrence","MD",1
343,12,1,"Noridian Healthcare Solutions, LLC","03501",2," 900 42nd Street S","PO Box 6781","","Fargo",35,"58103-6781","8779088431","","A",2019-02-12 17:11:16.177000000,"www.noridianmedicare.com","","","Y","Janet Lawrence","MD",1
344,12,1,"Noridian Healthcare Solutions, LLC","03601",2,"900 42nd Street S","PO Box 6781","","Fargo",35,"58103-6781","8779088431","","A",2019-02-12 17:12:15.590000000,"www.noridianmedicare.com","","","Y","Janet Lawrence","MD",1
345,12,1,"Noridian Healthcare Solutions, LLC","03102",2,"900 42nd Street S.","PO Box 6781","","Fargo",35,"58103-6781","8779088431","","A",2019-02-12 16:59:54.183000000,"www.noridianmedicare.com","","","Y","Janet Lawrence","MD ",2
346,12,1,"Noridian Healthcare Solutions, LLC","03202",2,"900 42nd Street S.","PO Box 6781","","Fargo",35,"58103-6781","8779088431","","A",2019-02-12 17:01:10.260000000,"www.noridianmedicare.com","","","Y","Janet Lawrence","MD  ",2
347,12,1,"Noridian Healthcare Solutions, LLC","03302",2,"900 42nd Street S.","PO Box 6781","","Fargo",35,"58103-6781","8779088431","","A",2019-02-12 17:02:36.093000000,"www.noridianmedicare.com","","","Y","Janet Lawrence","MD",2
348,12,1,"Noridian Healthcare Solutions, LLC","03502",2,"900 42nd Street S. ","PO Box 6781","","Fargo",35,"58103-6781","8779088431","","A",2019-02-12 17:11:45.930000000,"www.noridianmedicare.com","","","Y","Janet Lawrence","MD",2
349,12,1,"Noridian Healthcare Solutions, LLC","03602",2,"900 42nd Street S. ","PO Box 6781","","Fargo",35,"58103-6781","8779088431","","A",2019-02-12 17:12:45.500000000,"www.noridianmedicare.com","","","Y","Janet Lawrence","MD",2
350,12,1,"Noridian Healthcare Solutions, LLC","03402",2,"900 42nd Street S.","PO Box 6781","","Fargo",35,"58103-6781","8779088431","","A",2019-02-12 17:04:16.537000000,"www.noridianmedicare.com","","","Y","Janet Lawrence","MD",2
351,12,1,"Noridian Healthcare Solutions, LLC","03101",2,"900 42nd Street S","PO Box 6781","","Fargo",35,"58103-6781","8779088431","","A",2019-02-12 16:57:40.313000000,"www.noridianmedicare.com","","","Y","Janet Lawrence","MD",1
352,12,1,"Noridian Healthcare Solutions, LLC","02201",2,"900 42nd Street S","PO Box 6781","","Fargo",35,"58103-6781","8779088431","","A",2019-02-12 16:52:50.567000000,"www.noridianmedicare.com","","","Y","Janet Lawrence","MD",1
353,12,1,"Noridian Healthcare Solutions, LLC","02101",2,"900 42nd Street S","PO Box 6781","","Fargo",35,"58103-6781","8779088431","","A",2019-02-12 16:51:27.160000000,"www.noridianmedicare.com","","","Y","Janet Lawrence","MD",1
354,12,1,"Noridian Healthcare Solutions, LLC","02301",2,"900 42th Street S","PO Box 6781","","Fargo",35,"58103-6781","8779088431","","A",2019-02-12 16:55:30.380000000,"www.noridianmedicare.com","","","Y","Janet Lawrence","MD",1
355,12,1,"Noridian Healthcare Solutions, LLC","02401",2,"900 42nd Street S","PO Box 6781","","Fargo",35,"58103-6781","8779088431","","A",2019-02-12 16:56:37.063000000,"www.noridianmedicare.com","","","Y","Janet Lawrence","MD",1
356,12,1,"Noridian Healthcare Solutions, LLC","02202",2,"900 42nd Street S. ","PO Box 6781","","Fargo",35,"58103-6781","8779088431","","A",2019-02-12 16:54:55.543000000,"www.noridianmedicare.com","","","Y","Janet Lawrence","MD ",2
357,12,1,"Noridian Healthcare Solutions, LLC","02102",2,"900 42nd Street S.","PO Box 6781","","Fargo",35,"58103-6781","8779088431","","A",2019-02-12 16:52:13.880000000,"www.noridianmedicare.com","","","Y","Janet Lawrence","MD ",2
358,12,1,"Noridian Healthcare Solutions, LLC","02402",2,"900 42nd Street S. ","PO Box 6781","","Fargo",35,"58103-6781","8779088431","","A",2019-02-12 16:57:06.873000000,"www.noridianmedicare.com","","","Y","Janet Lawrence","MD",2
359,12,1,"Noridian Healthcare Solutions, LLC","02302",2,"900 42nd Street S.","PO Box 6781","","Fargo",35,"58103-6781","8779088431","","A",2019-02-12 16:56:01.290000000,"www.noridianmedicare.com","","","Y","Janet Lawrence","MD ",2
360,12,1,"Noridian Healthcare Solutions, LLC","01111",1,"900 42nd Street S","PO Box 6781","","Fargo ",35,"58103-6781","8556099960","","A",2019-02-12 16:32:07.030000000,"www.noridianmedicare.com","","","Y","Eileen Moynihan","MD, FACP, FACRh",1
361,12,1,"Noridian Healthcare Solutions, LLC","01211",1,"900 42nd Street S ","PO Box 6781","","Fargo ",35,"58103-6781","8556099960","","A",2019-02-12 16:33:23.727000000,"www.noridianmedicare.com","","","Y","Eileen Moynihan","MD, FACP, FACRh",1
362,12,1,"Noridian Healthcare Solutions, LLC","01311",1,"900 42nd Street S ","PO Box 6781",""," Fargo",35,"58103-6781","8556099960","","A",2019-02-12 16:34:37.060000000,"www.noridianmedicare.com","","","Y","Eileen Moynihan","MD, FACP, FACRh",1
363,12,1,"Noridian Healthcare Solutions, LLC","01911",1,"900 42nd Street S ","PO Box 6781","","Fargo ",35,"58103-6781","8556099960","","A",2019-02-12 16:38:26.667000000,"www.noridianmedicare.com","","","Y","Eileen Moynihan","MD, FACP, FACRh",1
364,12,1,"Noridian Healthcare Solutions, LLC","01112",1,"900 42nd Street S","PO Box 6781","","Fargo",35,"58103-6781","8556099960","","A",2019-02-12 16:31:44.873000000,"www.noridianmedicare.com","","","Y","Eileen Moynihan","MD, FACP, FACRh",2
365,12,1,"Noridian Healthcare Solutions, LLC","01182",1,"900 42nd Street S ","PO Box 6781","","Fargo ",35,"58103-6781","8556099960","","A",2019-02-12 16:32:44.857000000,"www.noridianmedicare.com","","","Y","Eileen Moynihan","MD, FACP, FACRh",2
366,12,1,"Noridian Healthcare Solutions, LLC","01212",1,"900 42nd Street S ","PO Box 6781","","Fargo ",35,"58103-6781","8556099960","","A",2019-02-12 16:34:03.183000000,"www.noridianmedicare.com","","","Y","Eileen Moynihan","MD, FACP, FACRh",2
367,12,1,"Noridian Healthcare Solutions, LLC","01312",1,"900 42nd Street S ","PO Box 6781","","Fargo ",35,"58103-6781","8556099960","","A",2019-02-12 16:35:09.547000000,"www.noridianmedicare.com","","","Y","Eileen Moynihan","MD, FACP, FACRh",2
368,12,1,"First Coast Service Options, Inc.","09101",10,"532 Riverside Avenue ","","","Jacksonville",12,"32202-","8664549007","","A",2019-02-06 18:06:10.107000000,"https://medicare.fcso.com","","","Y","Juan L. Schaening-Perez, MD","Executive Contractor Medical Director ",1
369,12,1,"First Coast Service Options, Inc.","09201",10,"532 Riverside Avenue","","","Jacksonville",12,"32202-","8664549007","","A",2019-02-06 18:06:52.703000000,"https://medicare.fcso.com","","","Y","Juan L. Schaening-Perez, MD","Executive Contractor Medical Director",1
370,12,1,"First Coast Service Options, Inc.","09102",10,"532 Riverside Avenue","","","Jacksonville",12,"32202-","8664549007","","A",2019-02-06 18:06:30.823000000,"https://medicare.fcso.com","","","Y","Juan L. Schaening-Perez, MD","Executive Contractor Medical Director",2
371,12,1,"First Coast Service Options, Inc.","09202",10,"532 Riverside Avenue","","","Jacksonville",12,"32202-","8664549007","","A",2019-02-06 18:07:12.007000000,"https://medicare.fcso.com","","","Y","Juan L. Schaening-Perez, MD","Executive Contractor Medical Director",2
372,12,1,"First Coast Service Options, Inc.","09302",10,"532 Riverside Avenue","","","Jacksonville",12,"32202-","8664549007","","A",2019-02-06 18:08:20.093000000,"https://medicare.fcso.com","","","Y","Juan L. Schaening-Perez, MD","Executive Contractor Medical Director",2
373,13,1,"Palmetto GBA","11004",9,"PO Box 100238","AG-275","","Columbia",48,"29202-","8556960705","","A",2019-03-26 09:18:14.100000000,"www.palmettogba.com","","","Y","Shane Mull","MD, MHA, DABFM, FAAFP",3
374,13,1,"Palmetto GBA","11201",9,"Attn: Medical Affairs, AG-275","PO Box 100238","","Columbia",48,"29202-3238","8556960705","","A",2020-02-20 12:07:04.823000000,"www.palmettogba.com","","","Y","Leland Garrett","MD FACP FASN CPC",1
375,13,1,"Palmetto GBA","11301",9,"Attn: Medical Affairs, AG-275","PO Box 100238","","Columbia",48,"29202-3238","8556960705","","A",2020-02-20 12:07:39.107000000,"www.palmettogba.com","","","Y","Leland Garrett","MD FACP FASN CPC",1
376,13,1,"Palmetto GBA","11401",9,"Attn: Medical Affairs, AG-275","PO Box 100238","","Columbia",48,"29202-3238","8556960705","","A",2020-02-20 12:08:10.413000000,"www.palmettogba.com","","","Y","Leland Garrett","MD FACP FASN CPC",1
377,13,1,"Palmetto GBA","11501",9,"Attn: Medical Affairs, AG-275","PO Box 100238","","Columbia",48,"29202-3238","8556960705","","A",2020-02-20 12:08:38.733000000,"www.palmettogba.com","","","Y","Leland Garrett","MD FACP FASN CPC",1
378,13,1,"Palmetto GBA","11202",9,"Attn: Medical Affairs, AG-275","PO Box 100238","","Columbia",48,"29202-3238","8556960705","","A",2019-03-26 09:27:42.607000000,"www.palmettogba.com","","","Y","Miguel Brito","MD, FCAP, FASCP",2
379,13,1,"Palmetto GBA","11302",9,"Attn: Medical Affairs, AG-275","PO Box 100238","","Columbia",48,"29202-3238","8556960705","","A",2019-03-26 09:28:36.590000000,"www.palmettogba.com","","","Y","Miguel Brito","MD, FCAP, FASCP",2
380,13,1,"Palmetto GBA","11402",9,"Attn: Medical Affairs, AG-275","PO Box 100238","","Columbia",48,"29202-3238","8556960705","","A",2019-03-26 09:29:19.040000000,"www.palmettogba.com","","","Y","Miguel Brito","MD, FCAP, FASCP",2
381,13,1,"Palmetto GBA","11502",9,"Attn: Medical Affairs, AG-275","PO Box 100238","","Columbia",48,"29202-3238","8556960705","","A",2019-03-26 09:30:08.760000000,"www.palmettogba.com","","","Y","Miguel Brito","MD, FCAP, FASCP",2
388,10,1,"CGS Administrators, LLC","17013",2,"2 Vantage Way - Metro Center","","","Nashville",50,"37228-","8665906727","","A",2018-02-14 11:47:28.233000000,"www.cgsmedicare.com/jb","","","Y","Stacey V. Brennan","MD, FAAFP",4
389,10,1,"Noridian Healthcare Solutions, LLC","16013",1,"PO Box 6727","900 42nd Street South","","Fargo",35,"58108-6727","8664199458","","A",2018-02-14 15:53:22.193000000,"https://med.noridianmedicare.com/web/jadme","","","Y","Wilfred Mamuya","MD, PhD",4
391,12,1,"Palmetto GBA","10111",6,"Attn: Medical Affairs, AG -275","P.O. Box 100305","","Columbia",48,"29202-3305","8775677271","","A",2020-02-20 12:10:27.093000000,"www.palmettogba.com","","","Y","Jason Stroud","MD",1
392,12,1,"Palmetto GBA","10211",6,"Attn: Medical Affairs, AG -275","P.O. Box 100305","","Columbia",48,"29202-3305","8775677271","","A",2020-02-20 12:11:04.067000000,"www.palmettogba.com","","","Y","Jason Stroud","MD",1
393,12,1,"Palmetto GBA","10311",6,"Attn: Medical Affairs, AG -275","P.O. Box 100305","","Columbia",48,"29202-3305","8775677271","","A",2020-02-20 12:11:30.040000000,"www.palmettogba.com","","","Y","Jason Stroud","MD",1
394,12,1,"Palmetto GBA","10112",6,"Attn: Medical Affairs, AG -275","P.O. Box 100305","","Columbia",48,"29202-3305","8775677271","","A",2018-02-15 09:37:56.443000000,"www.palmettogba.com","","","Y","Leland Garrett","MD, FACP, FASN, CPC",2
395,12,1,"Palmetto GBA","10212",6,"Attn: Medical Affairs, AG -275","P.O. Box 100305","","Columbia",48,"29202-3305","8775677271","","A",2018-02-15 09:38:15.200000000,"www.palmettogba.com","","","Y","Leland Garrett","MD, FACP, FASN, CPC",2
396,12,1,"Palmetto GBA","10312",6,"Attn: Medical Affairs, AG -275","P.O. Box 100305","","Columbia",48,"29202-3305","8775677271","","A",2018-02-15 09:38:33.443000000,"www.palmettogba.com","","","Y","Leland Garrett","MD, FACP, FASN, CPC",2
