contact_id,"email_address","first_name","middle_initial","last_name","phone","address1","address2","address3","city",state_id,"zipcode",last_updated,"p_ext"
0,"lcd@nerdvana.fu.com","General","","User","8885342317","PLEASE SELECT A VALID","CONTACT FOR YOUR","","PROPOSED LCD",53,"00000-",2019-03-30 13:32:39.837000000,""
1,"test@me.com","Test","","This","0000000000","555 Main St.","","","Arlington",53,"22222",2007-07-01 17:16:42,""
2,"BLCDComment@cahabagba.com","Medicare Part B -","","Comments for Draft LCDs","","P.O. Box 13384","","","Birmingham",2,"35202-3384",2009-09-30 15:30:16,""
4,"policydraft@noridian.com","Noridian Healthcare Solutions,  LLC JF Part B","","Contractor Medical Director(s) ","8779088431","Attention: Draft LCD Comments","PO Box 6781","","Fargo",35,"58108-6781",2017-08-11 19:45:52.360000000,""
5,"BLCDComment@cahabagba.com","Medicare Part B - ","","Comments for Draft LCDs","","P.O. Box 13384","","","Birmingham",2,"35202-3384",2009-09-30 15:30:27,""
6,"robert.kamps@palmettogba.com","Robert","R","Kamps, M.D.","6142776204","Palmetto GBA","3400 SouthPark Place Suite F","","Grove City",42,"43123",2004-01-29 08:20:37,""
7,"pam.baumker@mutualofomaha.com","Pam","","Baumker","4023514775","","","","",36,"",2004-01-09 12:25:44,""
8,"carol.richards@mutualofomaha.com","Carol","","Richards","4023515102","","","","",36,"",2004-01-09 12:32:55,""
9,"CANHICLCDFeedback@exwe01.exch.eds.com","Bruce","","Quinn, M. D.","","NHIC, Corp.","1055 W. 7th Street, Suite 500","","Los Angeles",6,"90017",2006-12-11 20:54:37,""
10,"Draft_LCD_Comments_Part_A@anthem.com","National Government Services","","Medical Policy Unit","3122974541","P.O. Box 7138","","","Indianapolis",20,"46207-7138",2008-11-11 17:19:50,""
11,"boyd.honeycutt@cigna.com","Boyd","K","Honeycutt","3368214511","4135 Mendenhall Oaks Pkwy","CIGNA Medicare Administration","","High Point",34,"27265",2004-01-15 16:12:09,""
12,"eugene.winter@cigna.com","Eugene ","J","Winter, M.D.","6157824565","CIGNA HealthCare Medicare Administration","Two Vantage Way","","Nashville",50,"37228",2004-01-18 12:24:48,""
13,"julene.mull@cigna.com","Julene","S","Mull","6157824500","Two Vantage Way","","","Nashville",50,"37015",2004-01-16 15:06:36,""
14,"PartBLCDComments@anthem.com","Valerie","","Krushinsky","","Policy Comments Unit","PO Box 7108","","Indianapolis",20,"46207-7108",2013-10-03 16:18:36,""
16,"Rita.Wilper@CIGNA.com","Rita","","Wilper, R.N. CPC","2083332171","CIGNA HealthCare Medicare Administration","720 Park Blvd., Suite 105","","Boise",18,"83712",2004-10-04 13:12:23,""
17,"craig.haug@hp.com","Craig","","Haug M.D.","7817413122","NHIC, Corp.","75 Sargeant William Terry Drive","","Hingham",24,"02043",2009-10-26 12:19:38,""
18,"PartBLCDComments@anthem.com","Nancy","E","Knudson","3175954860","LCD Comments","P.O. Box 7073","","Indianapolis",20,"46207-7073",2010-06-02 15:36:29,""
19,"michelle.moscato@anthem.com","Michelle ","R","Moscato","3178414553","8115 Knue Rd","","","Indianapolis",20,"46250",2004-02-01 17:18:01,""
20,"PartBLCDComments@anthem.com","Nancy","E","Knudson","3175954860","LCD Comments","P.O. Box 7073","","Indianapolis",20,"46207-7073",2010-06-02 15:37:29,""
21,"DMERCCS@CIGNA.com","Attn:","","Comments to Draft LCDs","","P. O. Box 690","Metro Exchange Building, 2 Vantage Way","","Nashville",50,"37202",2004-02-02 16:16:11,""
22,"J11B.policy@PalmettoGBA.com","Elaine","","Jeter, MD","","PO Box 100190","","","Columbia",48,"29202",2012-11-27 10:25:35,""
23,"TriSpanLCD@trispan.com","Attention:","","Policy Development RN","","P.O. Box 23046","","","Jackson",31,"39225-3046",2006-03-13 11:24:21,""
24,"Medical.Policy@fcso.com","Medical","","Policy","","532 Riverside Ave","ROC 19T","","Jacksonville",12,"32202",2009-02-12 09:55:34,""
25,"ALCDcomment@cahabagba.com","Medicare Part A -","","Comments for Draft LCDs","","P. O. Box 830139","","","Birmingham",2,"35283-0139",2006-03-22 10:56:31,""
26,"lillian.chinault@palmettogba.com","lillian","","chinault","9196877941","800 South Duke Street","","","Durham",34,"27701",2004-02-06 14:52:22,""
27,"mwalker@bcbsga.com","Michelle","","Walker","7065715365","Medicare Medical Review","PO Box 9048","","Columbus",14,"31908-9048",2005-10-28 12:27:02,""
28,"donna.mandella@novitas-solutions.com","Donna","","Mandella","4128021746","Suite 600","501 Grant Street","","Pittsburgh",45,"15219",2013-04-30 17:37:58,""
29,"James.Cope@ugswlp.com","James","","Cope","","LCD Comments","P.O. Box 7149","","Indianapolis",20,"46207-7149",2008-11-11 17:20:31,""
30,"Arthur.Lurvey@cobalt-corp.com","Arthur","","Lurvey","","LCD Comments ","P.O. Box 7143","","Indianapolis",20,"46207-7143",2007-12-27 11:12:06,""
31,"paula.bonino@highmarkmedicareservices.com","Highmark Medicare Services","","Attention: Dr. Paula Bonino","","120 Fifth Avenue ","Suite P5101","","Pittsburgh",45,"15222-3099",2007-05-17 09:37:15,""
32,"CANHICLCDFeedback@exwe01.exch.eds.com","Bruce","","Quinn, M. D.","","NHIC, Corp.","1055 W. 7th Street, Suite 500","","Los Angeles",6,"90017",2006-12-11 20:55:37,""
33,"clifford.amend@carefirst.com","Clifford","","Amend, MD","","1946 Greenspring Drive","","","Timonium",25,"21093",2004-04-14 14:46:56,""
34,"policycomments@wpsic.com","Kenneth","","Bussan","","WPS Medicare","1717 W. Broadway","","Madison",57,"53701-1787",2011-01-07 11:04:37,""
35,"Kathleen.Brooks@wpsic.com","Kathleen","","Brooks","","WPS Medicare","8120 Penn Avenue South","","Bloomington",28,"55431",2012-08-21 13:15:43,""
36,"Michael.Rosenberg@wpsic.com","Michael","","Rosenberg","","WPS Medicare","23800 Northwestern Highway Suite 200","","Southfield",27,"48075",2005-03-29 12:44:07,""
37,"policycomments@wpsic.com","Stephen","","Boren","","WPS Medicare","111 E. Wacker","","Chicago",19,"60601",2012-08-21 13:15:16,""
38,"kathryn.robb@empireblue.com","Kathryn","","Robb","","Empire Medicare Services","P.O. Box 4846","","Syracuse",41,"13221",2004-04-26 12:14:41,""
39,"policydraft@noridian.com","Noridian Healthcare Solutions, LLC JF Part A","","Contractor Medical Director (s)","8779088431","Attention: Draft LCD Comments","PO Box 6781","","Fargo",35,"58108-6781",2017-08-11 19:43:35.060000000,""
40,"jschaening@triples-med.org","Juan","L","Schaening","","PO Box 71391","","","San Juan",46,"00936-1391",2004-05-11 14:16:58,""
41,"jschaening@triples-med.org","Juan","L","Schaening","","PO Box 71391","","","San Juan",46,"00936-1391",2004-05-13 14:53:48,""
42,"presto@ghimedicare.com","Joseph","G","Presto, MD","6464586671","25 Broadway, 13th Floor","","","New York",64,"10004",2004-05-24 13:11:21,""
43,"mfura@bcbsmt.com","Micki","","Fura","4067914099","PO box 5017","","","Great Falls",32,"59403",2004-06-07 12:39:14,""
44,"pjstaples@arkbluecross.com","Parker","","Staples, MD","4012765810","Rhode Island Medicare Services ","P.O. Box 249  ATTN: Medical Director/LCD ","","Providence",47,"02901-0249",2004-09-02 14:40:49,""
45,"BLCDComment@cahabagba.com","Medicare Part B - ","","Comments for Draft LCDs","","P.O. Box 13384","","","Birmingham",2,"35202-3384",2009-09-30 15:30:37,""
47,"medicare.MR@bcbsks.com","Medical Policy Specialist","","Medicare Payment Safeguards","","Department CC306D4","P.O. Box 3543","","Topeka",21,"66601-3543",2004-06-18 11:57:00,""
48,"LMRP_Comments@BCBST.com","LMRP COMMENTS -","","Medical Review","","Riverbend GBA","801 Pine St. 6-C","","Chattanooga",50,"37402",2004-06-25 09:35:37,""
49,"medicareLCD@arkbluecross.com","Michelle","D","Smith","","PO Box 83580","","","Baton Rouge",23,"70884-3580",2006-05-16 10:34:24,""
50,"medicareLCD@arkbluecross.com","Suzanne ","","Baldwin","","PO Box 1418","","","Little Rock",3,"72203",2004-07-20 09:43:24,""
51,"Kathy.Sheehan@Palmettogba.com","Kathy","","Sheehan","8037635504","PO Box 100238","","","Columbia",48,"29202",2008-06-13 10:31:27,""
52,"Kathy.Sheehan@Palmettogba.com","Kathy","","Sheehan","8037635504","PO Box 1437","","","Augusta",14,"30903-1437",2009-06-24 15:48:56,""
53,"debra.fulfer@trailblazerhealth.com","Debra","","Fulfer","","8330 LBJ Freeway","","","Dallas",51,"75243",2004-07-30 16:11:02,""
54,"debra.fulfer@trailblazerhealth.com","Debra","","Fulfer","","8330 LBJ Freeway","","","Dallas",51,"75243",2004-07-30 16:11:34,""
55,"debra.fulfer@trailblazerhealth.com","Debra","","Fulfer","","8330 LBJ Freeway","","","Dallas ",51,"75243",2004-07-30 16:12:03,""
56,"debra.fulfer@trialblazerhealth.com","Debra","","Fulfer","","8330 LBJ Freeway","","","Dallas",51,"75243",2004-07-30 16:12:34,""
57,"debra.fulfer@trailblazerhealth.com","Debra","","Fulfer","","8330 LBJ Freeway","","","Dallas",51,"75243",2004-07-30 16:13:04,""
58,"debra.fulfer@trailblazerhealth.com","Debra","","Fulfer","","8330 LBJ Freeway","","","Dallas ",51,"75243",2004-07-30 16:13:31,""
59,"PartBLCDComments@anthem.com","Virginia ","","Muir","","LCD Comments","P.O. Box 7108","","Indianapolis",20,"46207-7108",2015-10-23 14:39:10.493000000,""
60,"Stacey.Brennan@palmettogba.com","Stacey","v","Brennan, M.D.","8037635706","P.O. Box 100141, Mail Code AG-250","","","Columbia",48,"29202",2004-09-14 16:11:48,""
61,"draftrmrpfeedback@tricenturion.com","Paul","J","Hughes, MD","","TriCenturion, LLC","PO Box 100282, Mail Code ZA190","","Columbia",48,"29202-3282",2004-09-17 10:50:46,""
62,"patricia.fagan@cigna.com","Trish","","Fagan","2083332165","720 Park Blvd","","","Boise",18,"83702",2004-10-04 13:32:17,""
63,"Margaret.Anne.Cox@Palmettogba.com","Margaret ","A","Cox","8037635004","Palmetto GBA","PO Box 100238","","Columbia",48,"29202",2011-03-15 07:48:53,""
64,"Margaret.Anne.Cox@Palmettogba.com","Margaret","A","Cox","8037635004","PO Box 100238","","","Columbia",48,"29202",2008-06-13 10:31:08,""
65,"Robert.Kamps@PalmettoGBA.com","Robert","","Kamps, M.D.","6144736424","4249 Easton Way","","","Columbus",42,"43219",2005-04-06 13:47:17,""
66,"ahwagno@regence.com","Alton","","Wagnon, MD","8013335357"," 2890 E Cottonwood Parkway"," P.O. Box 30270","","Salt Lake City",52,"84130-0270",2004-12-27 18:56:03,""
67,"donald.norris@cigna.com","Donald","G","Norris, MD","2083332110","720 Park Blvd","","","Boise",18,"83707",2005-01-18 10:48:43,""
68,"amarrero@cosvi.com","Astrid","","Marrero","7877582205","PO Box 363428 ","","","San Juan",46,"00936",2005-02-10 12:08:40,""
69,"policydraft@noridian.com","Policya","","Drafts ","7012776605","Noridian Administrative Services, LLC","P.O. Box 6722","","Fargo ",35,"58108-6722",2017-08-11 19:42:06.323000000,""
70,"Sandra.barry@anthem.com","Sandra","L","Barry-Saucier","2072533381","110 Free Street","","","Portland ",26,"04101",2007-12-27 11:44:20,""
71,"ALCDComment@cahabagba.com","Medicare Part A -  ","","Comments for Draft LCDs","","P. O. Box 830139","","","Birmingham",2,"35283-0139",2005-12-21 14:11:20,""
72,"plmontg@regence.com","Pat","","Montgomery","5037217029","PO Box 8110 M/S H2A","","","Portland",44,"97201-8110",2005-08-02 17:00:06,""
73,"paula.bonino@highmarkmedicareservices.com","Highmark Medicare Services","","Attention: Dr. Paula Bonino","","120 Fifth Avenue ","Suite P5101","","Pittsburgh ",45,"15222-3099",2007-05-17 09:37:38,""
74,"lcd.comments@healthnow.org","Janet ","M","Skrzypek","","PO Box 5236","","","Binghamton",65,"13902-5236",2005-10-06 15:41:18,""
75,"Charles.Stewart@palmettogba.com","Charles","R","Stewart","9196877178","800 South Duke Street","","","Durham",34,"27701",2005-10-25 09:36:50,""
76,"Sue.Walker@CIGNA.com","Paula","S","Walker","6157344368","2 Vantage Way","","","Nashville",50,"37228",2009-02-18 09:24:05,""
77,"policya.drafts@noridian.com","policya","","draft","7012776605","Noridian Addministrative Services,LLC","P.O. Box 6722","","Fargo",35,"58108-6722",2010-07-16 08:42:34,""
78,"policya.draft@noridian.com","policya","","draft","7012776605","Noridian Addministrative Services, LLC","901 40th Street South, Suite 1","","Fargo",35,"58103",2006-05-14 20:40:24,""
79,"alton.wagnon@noridian.com","Alton","H","Wagnon, MD","","2890 East Cottonwood Parkway","Medicare Mail Stop 14","","Salt Lake City",52,"84121",2006-02-05 22:20:21,""
80,"glenna.mcmenamin@palmettogba.com","Glenna","","McMenamin","9196877941","800 South Duke St","","","Durham",34,"27702",2006-04-27 09:51:43,""
81,"draftrmrpfeedback@tricenturion.com","Paul","","Hughes, MD","","TriCenturion","PO Box 100282 Mail Code ZA-190","","Columbia",48,"29202-3282",2006-03-21 08:41:31,""
82,"draftlcdfeedback@integriguard.org","Mark","","Pilley, MD","","IntegriGuard, LLC","2121 North  117 Avenue, Suite 200","","Omaha",36,"68164",2006-03-21 12:16:54,""
83,"michelle.moscato@trustsolutionsllc.com","Michelle ","R","Moscato","3178633724","TrustSolutions, LLC","8720 Castle Creek Parkway   Suite 300","","Indianapolis",20,"46250",2006-03-22 12:10:56,""
84,"adrian.oleck@trustsolutionsllc.com","Adrian","M","Oleck, MD","3178633710","TrustSolutions, LLC","8720 Castle Creek Parkway  Suite 300","","Indianapolis",20,"46250",2006-03-22 12:09:47,""
85,"BLCDComment@cahabagba.com","Medicare Part B - ","","Comments for Draft LCDs","","P.O. Box 13384","","","Birmingham",2,"35202-3384",2009-09-30 15:30:44,""
86,"Kelly.Goetz@mutualofomaha.com","Kelly","J","Goetz","4023518669","Mutual of Omaha-Medicare  PO Box 1602 ","34th and Dodge St","","Omaha",36,"68101",2006-05-11 13:34:21,""
87,"Vickey.Sasman@mutualofomaha.com","Vickey","","Sasman","4023513347","Mutual of Omaha-Medicare  PO Box 1602 ","","","Omaha",36,"68101",2006-05-11 13:35:43,""
88,"policya.drafts@noridian.com","Policya","","Drafts","7012776605","Noridian Administrative Services, LLC","P.O. Box 6722","","Fargo",35,"58108-6722",2010-07-16 08:43:05,""
89,"RHHILCDComment@cahabagba.com","Cahaba GBA, LLC","","RHHI - LCD - Comment","","Station 56","400 E Court Avenue","","Des Moines",17,"50309",2007-04-30 15:31:16,""
90,"Marie.Krieger@wpsic.com","Marie","","Krieger","4023514395","PO Box 1602","","","Omaha",36,"68101",2008-02-20 18:05:15,""
91,"Carole.Kieckhafer@mutualofomaha.com","Carole","","Kieckhafer","4023515102","PO box 1602","","","Omaha",36,"68101",2006-09-14 16:46:09,""
92,"Ann.Powell@Anthem.com","Ann","E","Powell","2072533620","LCD Comments","P.O. Box 4767","","Syracuse",41,"13221-4767",2008-11-11 17:23:15,""
93,"policyb.drafts@noridian.com","Contractor Medical Directors","","Noridian Administrative Services","","Attention: Part B  LCD Comments","900 42nd Street S.","","Fargo",35,"58108 ",2012-03-29 13:51:35,""
94,"Lisa.Hiykel@mutualofomaha.com","Lisa","","Hiykel","4023515459","PO box 1602","","","Omaha",36,"68101",2007-03-14 16:15:16,""
95,"Ann.Powell@Anthem.com","Ann","","Powell","","LCD Comments","P.O. Box 4767","","Syracuse",41,"13221-4767",2007-12-27 11:14:43,""
96,"PartBLCDComments@anthem.com","National Government Services","","Medical Policy Unit","3175954860","P.O. Box 7073","","","Indianapolis",20,"46207-7073",2008-11-11 17:23:35,""
97,"Deb.Wohlenhaus@wpsic.com","Deborah ","","Wohlenhaus","4023518658","P.O. Box 1602","","","Omaha",36,"68101",2008-02-21 09:40:56,""
98,"PolicyComments@cgsadmin.com","Robert","D","Hoover, Jr, MD, MPH, FACP","","CGS Administrators, LLC","2 Vantage Way","","Nashville",50,"37228",2013-12-12 07:44:04,""
99,"DMACDraftLCDComments@wellpoint.com","Stacey","V","Brennan, M.D.","","National Government Services","8115 Knue Rd","","Indianapolis",20,"46250",2011-07-26 12:23:58,""
100,"policydmedraft@noridian.com","Noridian Administrative Services LLC","","DME Medical Director","","PO Box 6727","","","Fargo",35,"58108-6727",2008-04-18 09:19:26,""
101,"Debra.Fulfer@trailblazerhealth.com","Debra","","Fulfer","","8330 LBJ Freeway","","","Dallas",51,"75243",2008-05-13 08:55:49,""
102,"Gina.Oliveri@ugswlp.com","Gina","","Oliveri","","P.O. 2019","","","Milwaukee",57,"53201-2019",2008-11-11 17:22:45,""
103,"lynn.tucker@cigna.com","Lynn","","Tucker","3368214527","4135 Mendenhall Oaks Parkway, Suite 101","","","High Point",34,"27025",2008-06-04 10:37:00,""
105,"gary.oakes@cigna.com","Gary","","Oakes","6157824565","Two Vantage Way","","","Nashville",50,"37228",2011-05-23 14:52:48,""
106,"NHICDMEDraftLCDFeedback@hp.com","Paul ","J","Hughes, M. D.","","NHIC, Corp. DME MAC A","75 Sgt. William B. Terry Drive","","Hingham",24,"02043",2013-12-20 12:07:41,""
107,"BLCDComment@cahabagba.com","Cahaba GBA<br>","","Comments for Draft LCDs","","P.O. Box 13384","","","Birmingham",2,"35202-3384",2009-09-30 15:30:51,""
108,"PartBLCDComments@anthem.com","Virginia","","Muir","","LCD Comments","P.O. Box 7108","","Indianapolis",20,"46207-7108",2010-06-02 15:19:54,""
109,"Nita.Collins@Palmettogba.com","Nita","F","Collins","8037635061","J1B.Policy@Palmettogba.com","","","Columbia",48,"29202",2013-08-21 15:23:39,""
110,"Kathy.Sheehan@palmettogba.com","Kathy","A","Sheehan","","J1A.policy@Palmettogba.com","","","Columbia",48,"29202",2009-01-13 11:11:40,""
111,"policycomments@wpsic.com","Olatokunbo","","Awodele, M.D, MPH","","2525 No. 117th Avenue, Suite 200","","","Omaha",36,"68164-",2016-12-14 15:09:08.767000000,""
112,"craig.haug@eds.com","Craig","","Haug M.D.","","75 Sgt. William Terry Drive","","","Hingham",24,"02043",2009-04-28 11:54:06,""
113,"moscato@nerdvana.fu.com","Michelle","R","Moscato","3175741541","12714 Stanwich","","","Carmel",20,"46033",2009-09-10 12:59:01,""
114,"ALCDComment@cahabagba.com","Cahaba GBA - MAC A","","Comments for Draft LCDs","","Medical Director","P. O. Box 13384","","Birmingham",2,"35242",2009-09-16 11:36:33,""
115,"J10LCDComment@cahabagba.com","Cahaba Government Benefit Administrators�, LLC","","Comments for Draft LCDs","","ATTN: Contractor Medical Director (CMD)","P.O. Box 13384","","Birmingham",2,"35202-3384",2011-04-01 11:45:25,""
116,"LCDComment@cahabagba.com","Cahaba Government Benefit Administrators� , LLC ","","Comments for Draft LCDs","","ATTN: Contractor Medical Director (CMD)","P.O. Box 13384","","Birmingham",2,"35202-3384",2016-05-20 12:02:52.447000000,""
117,"TriSpanLCD@lamsmedicare.com","Amanda","","Tart","","P. O. Box  23046","","","Jackson",31,"39225-3046",2009-12-17 16:09:08,""
119,"Barbara.Beeler@PalmettoGBA.com","Barbara","","Beeler,  MD","8037634352","Palmetto GBA","PO Box 100238","","Columbia",48,"29202",2012-07-30 09:15:47,""
121,"policycomments@wpsic.com","Cheryl","L","Ray, D.O., MBA, FACN","","1717 W. Broadway","","","Madison",57,"53701-1787",2013-09-04 09:32:33,""
122,"Fatimah.Jah-Ndiaye@PalmettoGBA.com","Fatimah","","Jah-Ndiaye, MD","8037636306","PO Box 100190","","","Columbia",2,"29202",2012-07-30 09:16:52,""
124,"heather.bennett@highmarkmedicareservices.com","Heather ","E","Bennett","7173024238","1A-L3; Room 306","1800 Center Street","","Camp Hill",45,"17089",2013-05-29 16:21:48,""
125,"Becke.Turner@Palmettogba.com","Becke","","Turner","8037635083","POB 100190","","","Columbia",48,"29202-3190",2012-11-27 10:25:54,""
126,"cmd.inquiry@cgsadmin.com","Earl","","Berman, MD","","Attn Medical Review","Two Vantage Way","","Nashville",50,"37228-",2015-05-19 07:50:33.553000000,""
128,"Kenneth.McDonough@cgsadmin.com","Kenneth","","McDonough","","Attn Medical Review","Two Vantage Way","","Nashville",50,"37228",2013-02-20 08:21:20,""
129,"policycomments@wpsic.com","Ella","M","Noel, D.O., FACOI","6082235888","1717 W. Broadway","P.O. Box 1787","","Madison",57,"53701-1787",2013-09-04 09:31:34,""
130,"policydraft@noridian.com","Contractor Medical Director (s)","","Noridian Healthcare Solutions, LLC JE Part A","8556099960","Attention: Draft LCD Comments","PO Box 6781","","Fargo",35,"58108-6781",2017-08-11 19:48:05.960000000,""
131,"policydraft@noridian.com","Noridian Healthcare Solutions, LLC JE Part B","","Contractor Medical Director(s)","8556099960","Attention: Draft LCD Comments","PO Box 6781","","Fargo",35,"58108-6781",2017-08-11 19:46:28.003000000,""
132,"policycomments@wpsic.com","Ella","M","Noel, D.O., FACOI","6082235888","1717 West Broadway","","","Madison",57,"53713",2013-09-04 13:15:10,""
133,"Antonietta.Sculimbreme@PalmettoGBA.com","Antonietta","","Sculimbrene","8037633738","PO Box 100238","Mail Code AG-275","","Camden",48,"29020",2014-04-01 12:09:37,""
134,"A.Policy@PalmettoGBA.com","Part A","","Policy","","PO Box 100238 (JM) or PO Box 100305 (JJ)","AG-275","","Columbia",48,"29202-",2018-04-09 14:21:53.343000000,""
135,"B.Policy@PalmettoGBA.com","Part B","","Policy","","PO Box 100238 (JM) or PO Box 100305 (JJ)","AG-275","","Columbia",48,"29202-",2018-04-09 14:21:07.057000000,""
136,"DraftLCDComments@novitas-solutions.com","Novitas Solutions","","Medical Policy Department","","Union Trust Building Suite 600","501 Grant Street","","Pittsburgh",45,"15219-4407",2016-01-13 08:49:56.057000000,""
137,"A.Policy@PalmettoGBA.com","HHH","","Policy","","PO Box 100238","AG-275","","Columbia",48,"29202-3238",2015-09-01 09:56:46.847000000,""
138,"cmd.inquiry@cgsadmin.com","Neil","","Sandler, MD","6606155326","Two Vantage Way","","","Nashville",50,"37228-",2015-05-19 07:50:56.250000000,""
139,"Policycomments@Wpsic.com","Robert","E","Kettler","","1717 W. Broadway","P.O. Box 1787","","Madison",57,"53701-1787",2015-03-17 16:16:40.560000000,""
140,"DMAC_Draft_LCD_Comments@anthem.com","Stacey","","Brennan, M.D.","","National Government Services","8115 Knue Rd","","Indianapolis",20,"46250-",2015-07-09 11:16:06.817000000,""
141,"DMAC_Draft_LCD_Comments@anthem.com","Stacey","V","Brennan, M.D., FAAFP","","DME MAC, National Covernment Services","8115 Knue Rd","","Indianapolis",20,"46250-1936",2015-07-09 12:11:49.790000000,""
142,"harley@nerdvana.fu.com","Maricka","R","Harley","1111111111","1111","","","me",2,"33333-3333",2016-05-20 11:39:17.203000000,"1111"
143,"MolDX.Policy@palmettogba.com","MolDX","","Policy","","PO Box 100238 (JM) or PO Box 100305 (JJ)","AG-315","","Columbia",48,"29202-",2020-03-12 15:30:19.543000000,""
144,"policycomments@wpsic.com","Ryan","","Holzmacher, M.D.","8665183285","1717 W. Broadway","PO Box 1787","","Madison",57,"53701-1787",2019-01-15 10:06:37.147000000,""
146,"TTFTLCDComments@cgsadmin.com","DME MAC","","Medical Directors","","Two Vantage Way","","","Nashville",50,"37228-1504",2019-05-03 11:16:16.620000000,""
147,"ProposedLCDComments@novitas-solutions.com","Novitas Solutions","","Medical Policy Department","","Suite 400","707 Grant Street","","Pittsburgh",45,"15219-",2019-06-10 12:20:19.113000000,""
148,"cmd.inquiry@cgsadmin.com","Meredith","","Loveless, MD","","2 Vantage Way","","","Nashville",50,"37228-",2019-07-09 12:47:06.317000000,""
149,"NEBLCDComments@cgsadmin.com","DME MAC ","","Medical Directors","","Two Vantage Way ","","","Nashville",50,"37228-1504",2019-12-09 08:15:42.843000000,""
150,"TOTRecon@noridian.com","DME MAC","","Medical Directors","","900 42nd St So","","","Fargo",35,"58103-2119",2019-12-20 15:16:33.027000000,""
151,"EIPRecon@noridian.com","DME MAC","","Medical Directors","","900 42 St So","","","Fargo",35,"58103-2119",2019-12-19 14:34:39.020000000,""
152,"UroRecon@noridian.com","DME MAC","","Medical Directors","","900 42 St So ","","","Fargo",35,"58103-2219",2020-01-09 15:29:06.893000000,""
