"lcd_id","lcd_version","revenue_code_id","revenue_code_version","range","last_updated","description"
"33263","8","0750","7","N","2016-10-13 14:33:12.733000000","Gastro-Intestinal (GI) Services - General Classification"
"33263","8","0761","7","Y","2016-10-13 14:33:12.740000000","Specialty Services - Treatment Room"
"33263","8","0762","7","Y","2016-10-13 14:33:12.740000000","Specialty Services - Observation Hours"
"33263","8","0769","7","Z","2016-10-13 14:33:12.743000000","Specialty Services - Other Specialty Services"
"33263","8","0760","7","X","2016-10-13 14:33:12.737000000","Specialty Services - General Classification"
"33263","8","0920","7","X","2016-10-13 14:33:12.747000000","Other Diagnostic Services - General Classification"
"33263","8","0921","7","Y","2016-10-13 14:33:12.747000000","Other Diagnostic Services - Peripheral Vascular Lab"
"33263","8","0922","7","Y","2016-10-13 14:33:12.750000000","Other Diagnostic Services - Electromyelgram"
"33263","8","0923","7","Y","2016-10-13 14:33:12.750000000","Other Diagnostic Services - Pap Smear"
"33263","8","0924","7","Y","2016-10-13 14:33:12.757000000","Other Diagnostic Services - Allergy Test"
"33263","8","0925","7","Y","2016-10-13 14:33:12.757000000","Other Diagnostic Services - Pregnancy Test"
"33263","8","0929","7","Z","2016-10-13 14:33:12.760000000","Other Diagnostic Services - Other Diagnostic Service"
"33266","13","0636","10","N","2019-01-22 11:02:52.673000000","Pharmacy - Drugs Requiring Detailed Coding"
"33268","34","99999","10","N","2019-06-21 22:29:42.707000000","Not Applicable"
"33272","10","0341","10","N","2019-01-22 11:10:41.707000000","Nuclear Medicine - Diagnostic"
"33273","18","0636","10","N","2019-01-04 16:05:35.233000000","Pharmacy - Drugs Requiring Detailed Coding"
"33275","18","0636","10","N","2018-12-10 14:38:05.120000000","Pharmacy - Drugs Requiring Detailed Coding"
"33278","9","0636","10","N","2018-10-03 13:29:20.457000000","Pharmacy - Drugs Requiring Detailed Coding"
"33412","6","0636","4","N","2014-05-28 15:49:15","Pharmacy - Drugs Requiring Detailed Coding"
"33416","29","99999","10","N","2019-03-08 12:04:40.880000000","Not Applicable"
"33595","8","0510","9","X","2018-01-11 11:57:34.263000000","Clinic - General Classification"
"33595","8","0511","9","Y","2018-01-11 11:57:34.267000000","Clinic - Chronic Pain Center"
"33595","8","0512","9","Y","2018-01-11 11:57:34.267000000","Clinic - Dental Clinic"
"33595","8","0513","9","Y","2018-01-11 11:57:34.270000000","Clinic - Psychiatric Clinic"
"33595","8","0514","9","Y","2018-01-11 11:57:34.280000000","Clinic - OB-GYN Clinic"
"33595","8","0515","9","Y","2018-01-11 11:57:34.283000000","Clinic - Pediatric Clinic"
"33595","8","0516","9","Y","2018-01-11 11:57:34.287000000","Clinic - Urgent Care Clinic"
"33595","8","0517","9","Y","2018-01-11 11:57:34.290000000","Clinic - Family Practice Clinic"
"33595","8","0519","9","Z","2018-01-11 11:57:34.297000000","Clinic - Other Clinic"
"33595","8","0360","9","X","2018-01-11 11:57:34.217000000","Operating Room Services - General Classification"
"33595","8","0361","9","Y","2018-01-11 11:57:34.227000000","Operating Room Services - Minor Surgery"
"33595","8","0362","9","Y","2018-01-11 11:57:34.257000000","Operating Room Services - Organ Transplant - Other than Kidney"
"33595","8","0367","9","Y","2018-01-11 11:57:34.260000000","Operating Room Services - Kidney Transplant"
"33595","8","0369","9","Z","2018-01-11 11:57:34.260000000","Operating Room Services - Other OR Services"
"33613","21","0510","8","N","2017-05-04 11:14:24.400000000","Clinic - General Classification"
"33613","21","0520","8","N","2017-05-04 11:14:24.400000000","Freestanding Clinic - General Classification"
"33613","21","0960","8","N","2017-05-04 11:14:24.403000000","Professional Fees - General Classification"
"33722","12","0636","9","N","2018-05-03 09:32:44.160000000","Pharmacy - Drugs Requiring Detailed Coding"
"33723","16","0636","10","N","2018-10-03 13:41:40.763000000","Pharmacy - Drugs Requiring Detailed Coding"
"33726","18","0636","9","N","2018-06-15 11:02:08.613000000","Pharmacy - Drugs Requiring Detailed Coding"
"33727","10","0636","10","N","2019-01-22 11:15:35.587000000","Pharmacy - Drugs Requiring Detailed Coding"
"33729","10","0636","10","N","2019-01-22 11:16:32.433000000","Pharmacy - Drugs Requiring Detailed Coding"
"33730","20","0636","10","N","2018-10-05 15:50:46.550000000","Pharmacy - Drugs Requiring Detailed Coding"
"33746","21","0636","10","N","2019-01-22 11:17:35.050000000","Pharmacy - Drugs Requiring Detailed Coding"
"33748","9","0636","10","N","2019-01-22 11:18:24.680000000","Pharmacy - Drugs Requiring Detailed Coding"
"33752","11","0636","10","N","2019-01-22 11:19:21.963000000","Pharmacy - Drugs Requiring Detailed Coding"
"33808","11","99999","10","N","2019-01-22 11:24:02.480000000","Not Applicable"
"33934","9","99999","10","N","2019-01-22 11:25:54.263000000","Not Applicable"
"33972","29","0942","10","N","2019-01-04 15:57:09.597000000","Other Therapeutic Services - Education/Training"
"33972","29","0250","10","N","2019-01-04 15:57:09.570000000","Pharmacy - General Classification"
"33972","29","0430","10","X","2019-01-04 15:57:09.573000000","Occupational Therapy - General Classification"
"33972","29","0431","10","Y","2019-01-04 15:57:09.573000000","Occupational Therapy - Visit"
"33972","29","0432","10","Y","2019-01-04 15:57:09.577000000","Occupational Therapy - Hourly"
"33972","29","0433","10","Y","2019-01-04 15:57:09.580000000","Occupational Therapy - Group"
"33972","29","0434","10","Y","2019-01-04 15:57:09.580000000","Occupational Therapy - Evaluation or Reevaluation"
"33972","29","0439","10","Z","2019-01-04 15:57:09.583000000","Occupational Therapy - Other Occupational Therapy"
"33972","29","0900","10","N","2019-01-04 15:57:09.587000000","Behavioral Health Treatment/Services - General Classification"
"33972","29","0904","10","N","2019-01-04 15:57:09.587000000","Behavioral Health Treatment/Services - Activity Therapy"
"33972","29","0914","10","N","2019-01-04 15:57:09.590000000","Behavioral Health Treatment/Services - Individual Therapy"
"33972","29","0915","10","N","2019-01-04 15:57:09.590000000","Behavioral Health Treatment/Services - Group Therapy"
"33972","29","0916","10","N","2019-01-04 15:57:09.593000000","Behavioral Health Treatment/Services - Family Therapy"
"33972","29","0918","10","N","2019-01-04 15:57:09.593000000","Behavioral Health Treatment/Services - Testing"
"33978","11","0636","10","N","2019-01-22 11:27:46.770000000","Pharmacy - Drugs Requiring Detailed Coding"
"33989","13","0636","10","N","2018-10-18 18:48:31.493000000","Pharmacy - Drugs Requiring Detailed Coding"
"33998","9","0636","9","N","2018-06-08 09:59:35.403000000","Pharmacy - Drugs Requiring Detailed Coding"
"34009","26","99999","9","N","2018-08-30 13:14:44.090000000","Not Applicable"
"34242","26","99999","9","N","2018-08-30 13:12:49.677000000","Not Applicable"
"36342","44","0520","10","N","2019-06-21 22:37:58.930000000","Freestanding Clinic - General Classification"
"36342","44","0521","10","N","2019-06-21 22:37:58.930000000","Freestanding Clinic - Clinic Visit by Member to RHC/FQHC"
"36342","44","0401","10","N","2019-06-21 22:37:58.927000000","Other Imaging Services - Diagnostic Mammography"
"36342","44","0403","10","N","2019-06-21 22:37:58.927000000","Other Imaging Services - Screening Mammography"
"36342","44","0960","10","X","2019-06-21 22:37:58.933000000","Professional Fees - General Classification"
"36342","44","0961","10","Y","2019-06-21 22:37:58.937000000","Professional Fees - Psychiatric"
"36342","44","0962","10","Y","2019-06-21 22:37:58.937000000","Professional Fees - Ophthalmology"
"36342","44","0963","10","Y","2019-06-21 22:37:58.940000000","Professional Fees - Anesthesiologist (MD)"
"36342","44","0964","10","Y","2019-06-21 22:37:58.940000000","Professional Fees - Anesthesiologist (CRNA)"
"36342","44","0969","10","Z","2019-06-21 22:37:58.943000000","Professional Fees - Other Professional Fee"
"36342","44","0971","10","X","2019-06-21 22:37:58.947000000","Professional Fees - Laboratory"
"36342","44","0972","10","Y","2019-06-21 22:37:58.947000000","Professional Fees - Radiology - Diagnostic"
"36342","44","0973","10","Y","2019-06-21 22:37:58.950000000","Professional Fees - Radiology - Therapeutic"
"36342","44","0974","10","Y","2019-06-21 22:37:58.950000000","Professional Fees - Radiology - Nuclear"
"36342","44","0975","10","Y","2019-06-21 22:37:58.953000000","Professional Fees - Operating Room"
"36342","44","0976","10","Y","2019-06-21 22:37:58.957000000","Professional Fees - Respiratory Therapy"
"36342","44","0977","10","Y","2019-06-21 22:37:58.957000000","Professional Fees - Physical Therapy"
"36342","44","0978","10","Y","2019-06-21 22:37:58.960000000","Professional Fees - Occupational Therapy"
"36342","44","0979","10","Z","2019-06-21 22:37:58.960000000","Professional Fees - Speech Pathology"
"36342","44","0981","10","X","2019-06-21 22:37:58.963000000","Professional Fees - Emergency Room Services"
"36342","44","0982","10","Y","2019-06-21 22:37:58.963000000","Professional Fees - Outpatient Services"
"36342","44","0983","10","Y","2019-06-21 22:37:58.967000000","Professional Fees - Clinic"
"36342","44","0984","10","Y","2019-06-21 22:37:58.970000000","Professional Fees - Medical Social Services"
"36342","44","0985","10","Y","2019-06-21 22:37:58.970000000","Professional Fees - EKG"
"36342","44","0986","10","Y","2019-06-21 22:37:58.973000000","Professional Fees - EEG"
"36342","44","0987","10","Y","2019-06-21 22:37:58.973000000","Professional Fees - Hospital Visit"
"36342","44","0988","10","Y","2019-06-21 22:37:58.977000000","Professional Fees - Consultation"
"36342","44","0989","10","Z","2019-06-21 22:37:58.980000000","Professional Fees - Private Duty Nurse"
"36376","4","0300","6","N","2016-02-03 12:06:07.340000000","Laboratory - General Classification"
"36376","4","0310","6","N","2016-02-03 12:06:07.343000000","Laboratory Pathology - General Classification"
"37942","3","0307","10","N","2018-09-19 10:29:02.170000000","Laboratory - Urology"
"37942","3","0750","10","N","2018-09-19 10:29:02.173000000","Gastro-Intestinal (GI) Services - General Classification"
"37942","3","0920","10","N","2018-09-19 10:29:02.177000000","Other Diagnostic Services - General Classification"
"37942","3","0760","10","N","2018-09-19 10:29:02.177000000","Specialty Services - General Classification"
"38222","40","99999","10","N","2019-06-21 09:31:16.353000000","Not Applicable"
"38226","6","99999","10","N","2019-06-21 20:49:00.360000000","Not Applicable"
"38228","10","99999","10","N","2019-06-21 09:53:52.443000000","Not Applicable"
"38230","7","99999","10","N","2019-06-21 21:15:11.960000000","Not Applicable"
"38232","3","99999","10","N","2019-06-21 20:58:11.693000000","Not Applicable"
"38234","12","99999","10","N","2019-06-21 09:58:30.530000000","Not Applicable"
"38384","21","99999","11","N","2019-08-23 15:47:18.593000000","Not Applicable"
"38395","3","99999","11","N","2019-08-22 19:44:23.760000000","Not Applicable"
"38397","3","99999","11","N","2019-08-22 20:04:37.087000000","Not Applicable"
"38401","6","99999","11","N","2019-08-22 19:17:48.800000000","Not Applicable"
