lcd_id,lcd_version,meeting_id,meeting_date,"meeting_info",sort_order,last_updated
37922,2,1,2018-10-01 00:00:00,"<p>Draft LCD open meeting: J5 MAC, J8 MAC, and J5 National Part A.</p>",1,2018-08-21 12:39:26.600000000
37922,2,2,2018-10-04 00:00:00,"<p>J5 MAC</p>",2,2018-08-21 12:39:26.600000000
37922,2,3,2018-10-08 00:00:00,"<p>J8 MAC</p>",3,2018-08-21 12:39:26.603000000
37942,3,1,2018-10-11 00:00:00,"<p>The Open Meeting for Florida is scheduled for October 11, 2018, and will be held in Jacksonville, Florida.</p>",1,2018-09-19 10:29:02.160000000
37942,3,2,2018-10-13 00:00:00,"<p>The Contractor Advisory Committee (CAC) meeting for Florida and the U.S. Virgin Islands&nbsp;is scheduled for October 13, 2018 and will be held in Orlando, Florida.</p>",2,2018-09-19 10:29:02.163000000
37942,3,3,2018-10-18 00:00:00,"<p>The Open Meeting and the Contractor Advisory Committee (CAC) meeting is scheduled for October 18, 2018, and will be held in San Juan, Puerto Rico.</p>",3,2018-09-19 10:29:02.170000000
37976,15,1,2019-03-20 00:00:00,"<p>Telephonic</p>",1,2019-05-30 10:45:37.473000000
37976,15,2,2019-06-27 00:00:00,"<p style=""line-height: normal;"">Illinois State Medical Society</p>
<p style=""line-height: normal;"">20 N. Michigan Avenue Suite</p>
<p style=""line-height: normal;"">700 Michigan Room</p>
<p style=""line-height: normal;"">Chicago, IL. 60602</p>
<p style=""line-height: normal;"">&nbsp;</p>
<p style=""line-height: normal;"">12:00-1:30 p.m. CT</p>",2,2019-05-30 10:45:37.477000000
37999,14,1,2019-06-04 00:00:00,"<p>Los Angeles Airport Marriott</p>
<p>5855 West Century Boulevard</p>
<p>Los Angeles, CA&nbsp; 90045</p>",1,2019-05-15 14:52:14.633000000
37999,14,2,2019-03-20 00:00:00,"<p>Telephonic</p>",2,2019-05-15 14:52:14.637000000
38000,10,1,2019-06-04 00:00:00,"<p>Los Angeles Airport Marriott</p>
<p>5855 West Century Boulevard</p>
<p>Los Angeles, CA 90045</p>
<p>&nbsp;</p>",1,2019-05-15 14:50:10.160000000
38000,10,2,2019-03-20 00:00:00,"<p>Telephonic</p>",2,2019-05-15 14:50:10.160000000
38013,14,1,2019-02-25 00:00:00,"<p>Massachusetts Medical Society</p>
<p>Waltham Woods Corporate Center</p>
<p>Percy Wadman Room</p>
<p>860 Winter Street</p>
<p>Waltham, MA 02451-1411</p>
<p>&nbsp;</p>",1,2019-01-24 06:59:39.047000000
38013,14,2,2019-02-27 00:00:00,"<p>Illinois State Medical Society</p>
<p>Michigan Room</p>
<p>20 N. Michigan Ave., Ste. 700</p>
<p>Chicago, IL 60602</p>
<p>&nbsp;</p>",2,2019-01-24 06:59:39.050000000
38015,3,1,2019-02-12 00:00:00,"<p>This policy will be presented during open meeting and CAC on February 12, 2019.</p>",1,2019-01-28 07:25:55.627000000
38017,2,1,2019-02-19 00:00:00,"<p>In Omaha, Nebraska and<br />Madison, Wisconsin</p>",1,2019-01-21 12:07:11.943000000
38017,2,2,2019-02-21 00:00:00,"<p>In Omaha, Nebraska</p>",2,2019-01-21 12:07:11.947000000
38017,2,3,2019-02-18 00:00:00,"<p>In Novi, Michigan</p>",3,2019-01-21 12:07:11.960000000
38025,4,1,2019-05-06 00:00:00,"<p>Columbia</p>",1,2019-03-22 11:56:00.573000000
38027,4,1,2019-05-06 00:00:00,"<p>Columbia</p>",1,2019-03-22 11:53:38.527000000
38028,3,1,2019-05-06 00:00:00,"<p>Columbia, SC</p>",1,2019-03-21 17:02:52.337000000
38032,6,1,2019-05-06 00:00:00,"<p>Columbia</p>",1,2019-03-22 12:00:28.340000000
38038,2,1,2019-05-06 00:00:00,"<p>Columbia, SC</p>",1,2019-03-21 17:06:56.197000000
38040,5,1,2019-05-06 00:00:00,"",1,2019-03-21 17:07:42.617000000
38042,4,1,2019-05-06 00:00:00,"<p>Columbia, SC</p>",1,2019-03-21 17:15:17.617000000
38044,3,1,2019-05-06 00:00:00,"<p>Columbia, SC</p>",1,2019-03-21 17:16:03.533000000
38046,3,1,2019-05-06 00:00:00,"<p>Columbia, SC</p>",1,2019-03-21 17:16:44.607000000
38050,3,1,2019-05-06 00:00:00,"<p>Columbia, SC</p>",1,2019-03-21 17:17:56.310000000
38052,3,1,2019-05-07 00:00:00,"<p>Open meeting will be held by phone and information concerning this call will be on the CGS website.</p>",1,2019-03-27 12:53:48.203000000
38058,4,1,2019-05-07 00:00:00,"<p>Please see CGS website for information regarding this upcoming meeting.</p>",1,2019-03-29 14:58:29.287000000
38064,4,1,2019-05-07 00:00:00,"<p>Please see CGS website for the upcoming open meeting information.</p>",1,2019-03-27 11:57:40.840000000
38066,3,1,2019-05-07 00:00:00,"<p>Please see CGS website for information concerning upcoming open meeting.</p>",1,2019-03-27 12:00:28.287000000
38069,3,1,2019-05-07 00:00:00,"<p>Please see CGS website for information pertaining to the upcoming open meeting.</p>",1,2019-03-27 12:55:02.617000000
38076,3,1,2019-05-07 00:00:00,"<p>Please refer to CGS website for more information.</p>",1,2019-03-27 12:56:14.973000000
38092,15,1,2019-06-27 00:00:00,"<p>12:00-1:30 p.m. CT</p>
<p>Illinois State Medical Society</p>
<p>20 N. Michigan Avenue Suite</p>
<p>700 Michigan Room</p>
<p>Chicago, IL. 60602</p>",1,2019-05-30 10:50:22.103000000
38093,15,1,2019-06-27 00:00:00,"<p>12:00-1:30 p.m. CT</p>
<p>Illinois State Medical Society</p>
<p>20 N. Michigan Avenue</p>
<p>Suite 700</p>
<p>Michigan Room Chicago, IL. 60602</p>",1,2019-05-30 10:55:32.720000000
38094,12,1,2019-06-27 00:00:00,"<p>12:00-1:30 p.m. CT</p>
<p>Illinois State Medical Society 20 N. Michigan Avenue Suite 700 Michigan Room Chicago, IL. 60602</p>",1,2019-05-30 10:35:02.737000000
38110,3,1,2019-05-07 00:00:00,"<p>Please see the CGS website for upcoming open meeting information.</p>",1,2019-04-12 07:23:36.280000000
38118,3,1,2019-05-30 00:00:00,"<p>Hampton Inn by Hilton</p>
<p>1531 Pacific Highway</p>
<p>San Diego, CA 92101</p>",1,2019-05-11 01:12:01.147000000
38120,3,1,2019-05-30 00:00:00,"<p>Hampton Inn by Hilton</p>
<p>1531 Pacific Highway</p>
<p>San Diego, CA 92101</p>",1,2019-05-11 00:52:59.920000000
38122,3,1,2019-05-30 00:00:00,"<p>Hampton Inn by Hilton</p>
<p>1531 Pacific Highway</p>
<p>San Diego, CA 92101</p>",1,2019-05-07 15:47:03.120000000
38124,4,1,2019-05-30 00:00:00,"<p>Hampton Inn by Hilton</p>
<p>1531 Pacific Highway</p>
<p>San Diego, CA 92101</p>",1,2019-05-08 10:42:29.930000000
38126,6,1,2019-05-30 00:00:00,"<p>Hampton Inn by Hilton</p>
<p>1531 Pacific Highway</p>
<p>San Diego, CA 92101</p>",1,2019-05-09 16:54:02.717000000
38128,4,1,2019-05-30 00:00:00,"<p>Hampton Inn by Hilton</p>
<p>1531 Pacific Highway</p>
<p>San Diego, CA 92101</p>",1,2019-05-09 16:55:18.347000000
38130,8,1,2019-05-30 00:00:00,"<p style=""line-height: normal; background: white;"">Hampton Inn</p>
<p style=""line-height: normal; background: white;"">1531 Pacific Highway</p>
<p style=""line-height: normal; background: white;"">San Diego, CA 92101</p>
<p style=""line-height: normal;"">&nbsp;</p>",1,2019-05-09 15:48:10.823000000
38132,7,1,2019-05-30 00:00:00,"<p>Hampton Inn</p>
<p style=""line-height: normal; background: white;"">1531 Pacific Highway</p>
<p style=""line-height: normal; background: white;"">San Diego, CA 92101</p>",1,2019-05-09 16:18:45.653000000
38134,7,1,2019-05-30 00:00:00,"<p>Hampton Inn</p>
<p>1531 Pacific Highway</p>
<p>San Diego, CA 92101</p>",1,2019-05-10 20:15:32.200000000
38136,5,1,2019-05-30 00:00:00,"<p>Hampton Inn by Hilton</p>
<p>1531 Pacific Highway</p>
<p>San Diego, CA 92101</p>",1,2019-05-10 20:20:44.273000000
38138,6,1,2019-05-30 00:00:00,"<p><span style=""font-size: 10.5pt; font-family: 'Verdana',sans-serif; color: black;"">Hampton Inn by Hilton</span></p>
<p><span style=""font-size: 10.5pt; font-family: 'Verdana',sans-serif; color: black;"">1531 Pacific Highway</span></p>
<p><span style=""font-size: 10.5pt; font-family: 'Verdana',sans-serif; color: black;"">San Diego, CA 92101</span></p>",1,2019-05-09 14:32:47.307000000
38142,9,1,2019-05-30 00:00:00,"<p><span style=""font-size: 10.5pt; font-family: 'Verdana',sans-serif; color: black;"">Hampton Inn by Hilton</span></p>
<p><span style=""font-size: 10.5pt; font-family: 'Verdana',sans-serif; color: black;"">1531 Pacific Highway</span></p>
<p><span style=""font-size: 10.5pt; font-family: 'Verdana',sans-serif; color: black;"">San Diego, CA 92101</span></p>",1,2019-05-09 11:58:07.567000000
38144,6,1,2019-05-30 00:00:00,"<p>Hampton Inn by Hilton</p>
<p>1531 Pacific Highway</p>
<p>San Diego, CA &nbsp; 92101</p>",1,2019-05-09 11:31:10.057000000
38146,5,1,2019-05-30 00:00:00,"<p>Hampton Inn</p>
<p>1531 Pacific Highway</p>
<p>San Diego, CA&nbsp; 92101</p>",1,2019-05-08 16:37:39.370000000
38148,5,1,2019-05-30 00:00:00,"<p><span style=""font-size: 10.5pt; font-family: 'Verdana',sans-serif; color: black;"">Hampton Inn by Hilton</span></p>
<p><span style=""font-size: 10.5pt; font-family: 'Verdana',sans-serif; color: black;"">1531 Pacific Highway</span></p>
<p><span style=""font-size: 10.5pt; font-family: 'Verdana',sans-serif; color: black;"">San Diego, CA 92101</span></p>",1,2019-05-08 16:39:51.887000000
38150,4,1,2019-05-30 00:00:00,"<p>Hampton Inn by Hilton</p>
<p>1531 Pacific Highway</p>
<p>San Diego, CA 92101</p>",1,2019-05-10 19:51:57.987000000
38152,4,1,2019-05-30 00:00:00,"<p>Hampton Inn by Hilton</p>
<p>1531 Pacific Highway</p>
<p>San Diego, CA 92101</p>",1,2019-05-10 20:01:37
38154,7,1,2019-05-30 00:00:00,"<p><span style=""font-size: 10.5pt; font-family: 'Verdana',sans-serif; color: black;"">Hampton Inn by Hilton</span></p>
<p><span style=""font-size: 10.5pt; font-family: 'Verdana',sans-serif; color: black;"">1531 Pacific Highway</span></p>
<p><span style=""font-size: 10.5pt; font-family: 'Verdana',sans-serif; color: black;"">San Diego, CA 92101</span></p>",1,2019-05-09 14:19:52.503000000
38156,3,1,2019-06-26 00:00:00,"<p>Please see the CGS website for open meeting information</p>",1,2019-05-17 07:47:01.017000000
38157,2,1,2019-05-14 00:00:00,"<p>In Omaha, Nebraska and Madison, Wisconsin</p>",1,2019-04-16 08:43:48.603000000
38159,3,1,2019-05-14 00:00:00,"<p>In Omaha, Nebraska and Madison, Wisconsin</p>",1,2019-04-16 09:09:24.517000000
38165,2,1,2019-05-14 00:00:00,"<p>In Omaha, Nebraska and Madison, Wisconsin</p>",1,2019-04-16 12:48:07.960000000
38167,2,1,2019-05-14 00:00:00,"<p>In Omaha, Nebraska and Madison, Wisconsin</p>",1,2019-04-16 15:44:47.397000000
38173,2,1,2019-05-14 00:00:00,"<p>In Omaha, Nebraska and Madison, Wisconsin</p>",1,2019-04-17 09:22:03.150000000
38175,2,1,2019-05-14 00:00:00,"<p>In Omaha, Nebraska and Madison, Wisconsin</p>",1,2019-04-17 11:08:04.410000000
38177,2,1,2019-05-14 00:00:00,"<p>Draft LCD open meeting: J5 MAC, J8 MAC, and J5 National Part A.</p>",1,2019-04-17 11:54:11.817000000
38197,17,1,2019-03-06 00:00:00,"<p>Location:</p>
<p>Centers for Medicare &amp; Medicaid Services<br /> 7500 Security Blvd <br />Baltimore, MD 21244</p>",1,2019-05-03 12:38:17.993000000
38197,17,2,2019-06-20 00:00:00,"<p>Location:</p>
<p>Westin Baltimore Washington International Airport <br />1110 Old Elkridge Landing Rd <br />Linthicum Heights, MD 21090</p>
<p>Time: 9 AM&nbsp;- 12 PM EDT</p>
<p>See DME MAC websites for information</p>",2,2019-05-03 12:38:17.997000000
38200,3,1,2019-06-18 00:00:00,"<p>CGS is holding an open meeting on June 26, 2019 for those interested in attending or presenting please see our website for additional details.</p>",1,2019-05-24 08:05:08.173000000
38210,2,1,2019-06-18 00:00:00,"<p>In Omaha, NE and<br />Madison, WI</p>",1,2019-05-20 15:12:28.113000000
38210,2,2,2019-06-20 00:00:00,"<p>In Coralville, IA</p>",2,2019-05-20 15:12:28.117000000
38210,2,3,2019-06-24 00:00:00,"<p>In Indianapolis, IN</p>",3,2019-05-20 15:12:28.120000000
38212,2,1,2019-06-18 00:00:00,"<p>In Madison and Omaha</p>",1,2019-05-23 13:05:07.090000000
38212,2,2,2019-06-20 00:00:00,"<p>Coralville, IA</p>",2,2019-05-23 13:05:07.090000000
38212,2,3,2019-06-24 00:00:00,"<p>Indianapolis, IN</p>",3,2019-05-23 13:05:07.093000000
38212,2,4,2019-03-20 00:00:00,"<p>Telephonic</p>",4,2019-05-23 13:05:07.097000000
38221,10,1,2019-10-07 00:00:00,"<p>Columbia</p>",1,2019-08-16 10:07:31.480000000
38222,40,1,2019-07-11 00:00:00,"<p>The open meeting is a joint meeting for JH and JL. The meeting will be held at Novitas Solutions, Inc. in Pennsylvania.</p>",1,2019-06-21 09:31:16.343000000
38222,40,2,2019-04-23 00:00:00,"<p>JL Meeting<br />8:00 AM - 4:00 PM (EST)<br />The Baltimore Convention Center<br />Baltimore, MD 21201</p>
<p>&nbsp;</p>
<p>&nbsp;</p>
<p>&nbsp;</p>",2,2019-06-21 09:31:16.347000000
38222,40,3,2019-04-25 00:00:00,"<p>JH Meeting<br />8:00 AM - 4:00 PM (CT)<br />Kay Bailey Hutchinson Convention Center of Dallas<br />Dallas, TX 75202</p>
<p>&nbsp;</p>",3,2019-06-21 09:31:16.350000000
38226,6,1,2019-04-27 00:00:00,"<p>The meeting was held at Embassy Suites Orlando Airport at 5835 TG Lee Blvd, Orlando, FL 32822.</p>",1,2019-06-21 20:49:00.353000000
38226,6,2,2019-07-11 00:00:00,"<p><span style=""line-height: 115%;"">The meeting will be held at Riverside Office Complex (ROC) First Coast Service Options, Inc at 532 Riverside Ave, Jacksonville, Fl 32202.</span></p>",2,2019-06-21 20:49:00.357000000
38228,10,1,2019-07-11 00:00:00,"<p><span style=""line-height: 115%;"">The open meeting is a joint meeting for JH and JL. The meeting will be held at Novitas Solutions, Inc., in Pennsylvania.</span></p>",1,2019-06-21 09:53:52.437000000
38228,10,2,2019-04-23 00:00:00,"<p>JL Meeting <br />8:00AM - 4:00PM (EST) <br />The Baltimore Convention Center <br />Baltimore, MD 21201</p>
<p>&nbsp;</p>",2,2019-06-21 09:53:52.440000000
38228,10,3,2019-04-25 00:00:00,"<p>JH Meeting <br />8:00AM &ndash; 4:00PM (CT) <br />Kay Bailey Hutchison Convention Center of Dallas <br />Dallas, TX 75202</p>",3,2019-06-21 09:53:52.440000000
38230,7,1,2019-07-11 00:00:00,"<p>The open meeting is a joint meeting for JN. The meeting will be held at First Coast Service Options, 532 Riverside Ave., Jacksonville, Florida 32202.</p>",1,2019-06-21 21:15:11.953000000
38232,3,1,2019-04-27 00:00:00,"<p><span style=""line-height: 115%;"">The meeting was held at Embassy Suites Orlando Airport at 5835 TG Lee Blvd, Orlando, FL 32822.</span></p>",1,2019-06-21 20:58:11.690000000
38232,3,2,2019-07-11 00:00:00,"<p><span style=""line-height: 115%;"">The open meeting is a joint meeting for JN. The meeting will be held at Riverside Office Complex (ROC) First Coast Service Options, Inc at 532 Riverside Ave, Jacksonville, FL 32202.</span></p>",2,2019-06-21 20:58:11.690000000
38234,12,1,2019-07-11 00:00:00,"<p>The open meeting is a joint meeting for both JL and JH. The meeting will be held at the Mechanicsburg office of Novitas Solutions, Inc. at 2020 Technology Parkway, Mechanicsburg, PA 17050.</p>",1,2019-06-21 09:58:30.527000000
38237,3,1,2019-10-07 00:00:00,"<p>Columbia, SC</p>",1,2019-08-16 10:13:41.977000000
38239,6,1,2019-10-07 00:00:00,"<p>Columbia, SC</p>",1,2019-08-16 10:08:18.900000000
38241,3,1,2019-10-07 00:00:00,"<p>Columbia, SC</p>",1,2019-08-16 12:03:36.677000000
38246,4,1,2019-10-29 00:00:00,"<p>See the website for more information.</p>",1,2019-09-16 12:40:37.877000000
38246,4,2,2019-10-30 00:00:00,"<p>See the website fore more information.</p>",2,2019-09-16 12:40:37.880000000
38248,4,1,2019-10-29 00:00:00,"See the website for more details.",1,2019-09-16 13:03:44.350000000
38248,4,2,2019-10-30 00:00:00,"<p>See the website for more information.</p>",2,2019-09-16 13:03:44.353000000
38250,5,1,2019-10-07 00:00:00,"<p>Columbia</p>",1,2019-08-16 10:05:16.580000000
38253,4,1,2019-10-07 00:00:00,"<p>Columbia</p>",1,2019-08-16 10:14:39.413000000
38254,5,1,2019-10-07 00:00:00,"<p>Columbia, SC</p>",1,2019-08-16 10:10:59.507000000
38256,3,1,2019-10-07 00:00:00,"<p>Columbia</p>",1,2019-08-16 10:15:39.433000000
38257,3,1,2019-10-07 00:00:00,"<p>Columbia</p>",1,2019-08-16 10:11:46.783000000
38259,3,1,2019-10-07 00:00:00,"<p>Columbia</p>",1,2019-08-16 10:12:46.067000000
38261,15,1,2019-10-16 00:00:00,"<p>12:00-1:30 p.m. CT</p>
<p>Illinois State Medical Society</p>
<p>20 N. Michigan Avenue Suite</p>
<p>700 Michigan Room</p>
<p>Chicago, IL. 60602</p>",1,2019-09-18 10:48:01.593000000
38265,6,1,2019-10-29 00:00:00,"<p>Kentucky open meeting will be on October 29, 2019. Please see the CGS website for information on the meeting.</p>",1,2019-09-16 13:26:23.907000000
38265,6,2,2019-10-30 00:00:00,"<p>Ohio&nbsp;open meeting will be on October 30, 2019. Please see the CGS website for information on the meeting.</p>",2,2019-09-16 13:26:23.907000000
38266,4,1,2019-10-29 00:00:00,"<p>Kentucky open meeting will be help October 29, 2019. Please see CGS website for additional information on this meeting.</p>",1,2019-09-16 13:53:31.773000000
38266,4,2,2019-10-30 00:00:00,"<p>Ohio&nbsp;open meeting will be help October 30, 2019. Please see CGS website for additional information on this meeting.</p>",2,2019-09-16 13:53:31.777000000
38267,4,1,2019-10-29 00:00:00,"<p>See the website for more information.</p>",1,2019-09-16 13:35:29.260000000
38267,4,2,2019-10-30 00:00:00,"<p>See the website for more information.</p>",2,2019-09-16 13:35:29.260000000
38269,4,1,2019-10-29 00:00:00,"<p>CGS Kentucky open meeting will be held October 29, 2019. Please see website for additional information for the meeting.</p>",1,2019-09-16 14:09:27.380000000
38269,4,2,2019-10-30 00:00:00,"<p>Ohio open meeting will be held October 30, 2019. Please see CGS website for&nbsp;additional information on the meeting.</p>",2,2019-09-16 14:09:27.380000000
38271,4,1,2019-10-29 00:00:00,"<p>Kentucky open meeting will be held October 29, 2019. Please see CGS website for additional information on the meeting.</p>",1,2019-09-16 14:01:51.707000000
38271,4,2,2019-10-30 00:00:00,"<p>Ohio open meeting will be October 30, 2019. Please see CGS website for additional information for the meeting.</p>",2,2019-09-16 14:01:51.710000000
38273,4,1,2019-10-07 00:00:00,"<p>Columbia</p>",1,2019-08-16 10:18:37.400000000
38275,3,1,2019-10-07 00:00:00,"<p>Columbia</p>",1,2019-08-16 10:03:47.567000000
38277,6,1,2019-10-07 00:00:00,"<p>Columbia</p>",1,2019-08-16 10:03:12.850000000
38281,4,1,2019-10-29 00:00:00,"<p>See the website for more information.</p>",1,2019-09-16 10:57:34.080000000
38281,4,2,2019-10-30 00:00:00,"<p>See the website for more information.</p>",2,2019-09-16 10:57:34.080000000
38283,4,1,2019-10-29 00:00:00,"<p>See the website for more information.</p>",1,2019-09-16 14:19:24.980000000
38283,4,2,2019-10-30 00:00:00,"<p>See the website for more information.</p>",2,2019-09-16 14:19:24.983000000
38287,4,1,2019-10-29 00:00:00,"<p>See the website for more information.</p>",1,2019-09-16 11:51:12.433000000
38287,4,2,2019-10-30 00:00:00,"See the website for more information",2,2019-09-16 11:51:12.437000000
38289,4,1,2019-10-07 00:00:00,"<p>Columbia</p>",1,2019-08-16 10:17:05.090000000
38291,5,1,2019-10-07 00:00:00,"<p>Columbia</p>",1,2019-08-16 10:17:55.433000000
38293,7,1,2019-06-26 00:00:00,"<p>Joint contractor web conference</p>",1,2019-08-16 10:16:24.357000000
38293,7,2,2019-10-07 00:00:00,"<p>Columbia</p>",2,2019-08-16 10:16:24.360000000
38295,5,1,2019-10-07 00:00:00,"<p>Columbia</p>",1,2019-08-16 10:19:17.250000000
38298,6,1,2019-09-09 00:00:00,"<p>Blue Cross Blue Shield of North Dakota Headquarters</p>
<p>Dakota West Room</p>
<p>4510 13th Ave South</p>
<p>Fargo, ND&nbsp; 58121</p>
<p>&nbsp;</p>",1,2019-08-21 15:19:35.957000000
38300,8,1,2019-09-09 00:00:00,"<p>Blue Cross Blue Shield of North Dakota Headquarters</p>
<p>Dakota West Room</p>
<p>4510 13th Ave South</p>
<p>Fargo, ND 58121</p>",1,2019-08-21 15:21:08.367000000
38302,5,1,2019-10-29 00:00:00,"<p>The Kentucky open meeting will be held on October 29, 2019. Please visit the CGS website for additional information on this meeting.</p>",1,2019-09-16 12:06:19.633000000
38302,5,2,2019-10-30 00:00:00,"<p>The&nbsp;Ohio open meeting will be held on October 30, 2019. Please visit the CGS website for additional information on this meeting</p>",2,2019-09-16 12:06:19.637000000
38304,5,1,2019-10-29 00:00:00,"<p>The Kentucky open meeting will be help October 29, 2019. Please visit the CGS website for additional information on the meeting.</p>",1,2019-09-16 12:14:42.930000000
38304,5,2,2019-10-30 00:00:00,"<p>The Kentucky open meeting will be help October 30, 2019. Please visit the CGS website for additional information on the meeting.</p>",2,2019-09-16 12:14:42.930000000
38306,4,1,2019-10-29 00:00:00,"<p>The Kentucky open meeting will be on October 29, 2019. Please visit the CGS website for additional information on the meeting.</p>",1,2019-09-16 12:24:58.893000000
38306,4,2,2019-10-30 00:00:00,"<p>The&nbsp;Ohio open meeting will be on October 30, 2019. Please visit the CGS website for additional information on the meeting.</p>",2,2019-09-16 12:24:58.897000000
38309,10,1,2019-09-09 00:00:00,"<p>Blue Cross Blue Shield of North Dakota Headquarters</p>
<p>Dakota West Room</p>
<p>4510 13th Ave South</p>
<p>Fargo, ND 58121</p>",1,2019-08-15 13:56:33.960000000
38309,10,2,2019-06-13 00:00:00,"<p>The CAC meeting was a&nbsp;multi-jurisdictional meeting for JE, JF, JN, JH and JL. The meeting was held at the Mechanicsburg office of Novitas Solutions, Inc. at 2020 Technology Parkway, Mechanicsburg, PA 17050 and by teleconference.</p>",2,2019-08-15 13:56:33.960000000
38311,10,1,2019-09-09 00:00:00,"<p>Blue Cross Blue Shield of North Dakota Headquarters</p>
<p>Dakota West Room</p>
<p>4510 13th Ave South</p>
<p>Fargo, ND 58121</p>
<p>&nbsp;</p>",1,2019-08-15 14:09:17.340000000
38311,10,2,2019-06-13 00:00:00,"<p>The CAC meeting was a multi-jurisdictional meeting for JE, JF, JN, JH and JL. The meeting was held at the Mechanicsburg office of Novitas Solutions, Inc. at 2020 Technology Parkway, Mechanicsburg, PA 17050 and by teleconference.</p>",2,2019-08-15 14:09:17.340000000
38313,6,1,2019-10-07 00:00:00,"<p>Columbia</p>",1,2019-08-29 15:10:49.737000000
38314,6,1,2019-10-22 00:00:00,"<p style=""margin: 0in; font-family: Calibri; font-size: 12.0pt;"">Hilton San Diego Bayfront</p>
<p style=""margin: 0in; font-family: Calibri; font-size: 12.0pt;"">One Park Boulevard</p>
<p style=""margin: 0in; font-family: Calibri; font-size: 12.0pt;"">San Diego, CA 92101</p>
<p style=""margin: 0in; font-family: Calibri; font-size: 12.0pt;"">619-654-3333</p>
<p style=""margin: 0in; font-family: Calibri; font-size: 12.0pt;"">1:00 &ndash; 4:00 PM PT</p>
<p style=""margin: 0in; font-family: Calibri; font-size: 12.0pt;"">3:00 &ndash; 6:00 PM CT</p>",1,2019-09-27 06:41:31.267000000
38316,6,1,2019-10-22 00:00:00,"<p style=""margin: 0in; font-family: Calibri; font-size: 12.0pt;"">Hilton San Diego Bayfront</p>
<p style=""margin: 0in; font-family: Calibri; font-size: 12.0pt;"">One Park Boulevard</p>
<p style=""margin: 0in; font-family: Calibri; font-size: 12.0pt;"">San Diego, CA 92101</p>
<p style=""margin: 0in; font-family: Calibri; font-size: 12.0pt;"">619-654-3333</p>
<p style=""margin: 0in; font-family: Calibri; font-size: 12.0pt;"">1:00 &ndash; 4:00 PM PT</p>
<p style=""margin: 0in; font-family: Calibri; font-size: 12.0pt;"">3:00 &ndash; 6:00 PM CT</p>",1,2019-09-27 06:49:29.420000000
38318,4,1,2019-10-22 00:00:00,"<p>Hilton San Diego Bayfront</p>
<p>One Park Boulevard</p>
<p>San Diego, CA 92101</p>",1,2019-09-20 12:51:30.197000000
38320,4,1,2019-10-22 00:00:00,"<p>Hilton San Diego Bayfront</p>
<p>One Park Boulevard</p>
<p>San Diego, CA 92101</p>",1,2019-09-20 12:52:42.077000000
38322,5,1,2019-10-22 00:00:00,"<p style=""margin: 0in; font-family: Calibri; font-size: 12pt;"">Hilton San Diego Bayfront</p>
<p style=""margin: 0in; font-family: Calibri; font-size: 12pt;"">One Park Boulevard</p>
<p style=""margin: 0in; font-family: Calibri; font-size: 12pt;"">San Diego, CA 92101</p>
<p style=""margin: 0in; font-family: Calibri; font-size: 12pt;"">619-654-3333</p>
<p style=""margin: 0in; font-family: Calibri; font-size: 12pt;"">1:00 &ndash; 4:00 PM PT</p>
<p style=""margin: 0in; font-family: Calibri; font-size: 12pt;"">3:00 &ndash; 6:00 PM CT</p>",1,2019-09-27 07:26:26.407000000
38324,5,1,2019-10-22 00:00:00,"<p style=""margin: 0in; font-family: Calibri; font-size: 12pt;"">Hilton San Diego Bayfront</p>
<p style=""margin: 0in; font-family: Calibri; font-size: 12pt;"">One Park Boulevard</p>
<p style=""margin: 0in; font-family: Calibri; font-size: 12pt;"">San Diego, CA 92101</p>
<p style=""margin: 0in; font-family: Calibri; font-size: 12pt;"">619-654-3333</p>
<p style=""margin: 0in; font-family: Calibri; font-size: 12pt;"">1:00 &ndash; 4:00 PM PT</p>
<p style=""margin: 0in; font-family: Calibri; font-size: 12pt;"">3:00 &ndash; 6:00 PM CT</p>",1,2019-09-27 07:17:00.423000000
38326,6,1,2019-10-22 00:00:00,"<p>Hilton San Diego Bayfront</p>
<p>One Park Boulevard</p>
<p>San Diego, CA 92101</p>",1,2019-09-26 14:38:43.373000000
38328,6,1,2019-10-22 00:00:00,"<p>Hilton San Diego Bayfront</p>
<p>One Park Boulevard</p>
<p>San Diego, CA 92101</p>",1,2019-09-26 14:39:55.403000000
38330,4,1,2019-10-22 00:00:00,"<p>Hilton San Diego Bayfront</p>
<p>One Park Boulevard</p>
<p>San Diego, CA 92101</p>
<p>&nbsp;</p>",1,2019-09-26 17:18:13.600000000
38334,7,1,2019-10-22 00:00:00,"<p>Hilton San Diego Bayfront</p>
<p>One Park Boulevard</p>
<p>San Diego, CA 92101</p>",1,2019-09-27 08:36:42.183000000
38336,5,1,2019-10-22 00:00:00,"<p>Hilton San Diego Bayfront</p>
<p>One Park Boulevard</p>
<p>San Diego, CA 92101</p>",1,2019-09-27 08:46:08.227000000
38338,6,1,2019-10-22 00:00:00,"<p>Hilton San Diego Bayfront</p>
<p>One Park Boulevard</p>
<p>San Diego, CA 92101</p>",1,2019-09-26 16:58:55.553000000
38340,6,1,2019-10-22 00:00:00,"<p>Hilton San Diego Bayfront</p>
<p>One Park Boulevard</p>
<p>San Diego, CA 92101</p>",1,2019-09-26 19:31:44.957000000
38342,5,1,2019-10-22 00:00:00,"<p style=""margin: 0in; font-family: Calibri; font-size: 12pt;"">Hilton San Diego Bayfront</p>
<p style=""margin: 0in; font-family: Calibri; font-size: 12pt;"">One Park Boulevard</p>
<p style=""margin: 0in; font-family: Calibri; font-size: 12pt;"">San Diego, CA 92101</p>
<p style=""margin: 0in; font-family: Calibri; font-size: 12pt;"">619-654-3333</p>
<p style=""margin: 0in; font-family: Calibri; font-size: 12pt;"">1:00 &ndash; 4:00 PM PT</p>
<p style=""margin: 0in; font-family: Calibri; font-size: 12pt;"">3:00 &ndash; 6:00 PM CT</p>",1,2019-09-27 05:33:47.047000000
38344,6,1,2019-10-22 00:00:00,"<p style=""margin: 0in; font-family: Calibri; font-size: 12pt;"">Hilton San Diego Bayfront</p>
<p style=""margin: 0in; font-family: Calibri; font-size: 12pt;"">One Park Boulevard</p>
<p style=""margin: 0in; font-family: Calibri; font-size: 12pt;"">San Diego, CA 92101</p>
<p style=""margin: 0in; font-family: Calibri; font-size: 12pt;"">619-654-3333</p>
<p style=""margin: 0in; font-family: Calibri; font-size: 12pt;"">1:00 &ndash; 4:00 PM PT</p>
<p style=""margin: 0in; font-family: Calibri; font-size: 12pt;"">3:00 &ndash; 6:00 PM CT</p>",1,2019-09-27 05:54:21.497000000
38350,7,1,2019-10-22 00:00:00,"<p>Hilton San Diego Bayfront</p>
<p>One Park Boulevard</p>
<p>San Diego, CA 92101</p>",1,2019-09-26 14:31:36.727000000
38352,7,1,2019-10-22 00:00:00,"<p>Hilton San Diego Bayfront</p>
<p>One Park Boulevard</p>
<p>San Diego, CA 92101</p>",1,2019-09-26 14:32:16.947000000
38354,7,1,2019-10-22 00:00:00,"<p>Hilton San Diego Bayfront</p>
<p>One Park Boulevard</p>
<p>San Diego, CA 92101</p>",1,2019-09-26 16:21:22.950000000
38360,5,1,2019-10-22 00:00:00,"<p>Hilton San Diego Bayfront</p>
<p>One Park Boulevard</p>
<p>San Diego, CA 92101</p>
<p>&nbsp;</p>",1,2019-09-20 12:29:00.140000000
38361,5,1,2019-10-22 00:00:00,"<p>Hilton San Diego Bayfront</p>
<p>One Park Boulevard</p>
<p>San Diego, CA 92101</p>",1,2019-09-24 09:56:39.277000000
38362,4,1,2019-10-22 00:00:00,"<p>Hilton San Diego Bayfront</p>
<p>One Park Boulevard</p>
<p>San Diego, CA 92101</p>",1,2019-09-20 12:30:33.710000000
38363,5,1,2019-10-22 00:00:00,"<p>Hilton San Diego Bayfront</p>
<p>One Park Boulevard</p>
<p>San Diego, CA 92101</p>",1,2019-09-24 10:01:17.317000000
38366,11,1,2019-10-16 00:00:00,"<p>12:00-1:30 p.m. CT</p>
<p>Illinois State Medical Society</p>
<p>20 N. Michigan Avenue</p>
<p>Suite 700 Michigan Room</p>
<p>Chicago, IL. 60602</p>",1,2019-09-18 10:40:12.783000000
38370,18,1,2019-04-11 00:00:00,"<p>Teleconference</p>",1,2019-09-18 09:24:14.277000000
38370,18,2,2019-10-16 00:00:00,"<p style=""line-height: normal;"">12:00-1:30 p.m. Central Time</p>
<p style=""line-height: normal;"">Illinois State Medical Society</p>
<p style=""line-height: normal;"">20 N. Michigan Avenue</p>
<p style=""line-height: normal;"">Suite 700 Michigan Room</p>
<p style=""line-height: normal;"">Chicago, IL. 60602</p>
<p>&nbsp;</p>",2,2019-09-18 09:24:14.280000000
38377,3,1,2019-10-29 00:00:00,"<p>CGS Kentucky open meeting will be held October 29, 2019. Please see website for additional information for the meeting.</p>",1,2019-09-16 14:30:19.873000000
38377,3,2,2019-10-30 00:00:00,"<p>CGS Ohio open meeting will be held October 30, 2019. Please see website for additional information for the meeting.</p>",2,2019-09-16 14:30:19.877000000
38379,5,1,2019-10-22 00:00:00,"<p>Hilton San Diego Bayfront</p>
<p>One Park Boulevard</p>
<p>San Diego, CA 92101</p>",1,2019-09-26 14:53:48.523000000
38383,21,1,2019-10-16 00:00:00,"<p style=""margin: 0px 0px 10px; text-align: left; color: #333333; text-transform: none; text-indent: 0px; letter-spacing: normal; font-family: Verdana, 'Helvetica Neue', Helvetica, Arial, sans-serif; font-size: 14px; font-style: normal; font-weight: 400; word-spacing: 0px; white-space: normal; box-sizing: border-box; orphans: 2; widows: 2; background-color: #f9f9f9; -webkit-text-stroke-width: 0px; font-variant-ligatures: normal; font-variant-caps: normal; text-decoration-style: initial; text-decoration-color: initial;"">12:00-1:30 p.m. CT</p>
<p style=""margin: 0px 0px 10px; text-align: left; color: #333333; text-transform: none; text-indent: 0px; letter-spacing: normal; font-family: Verdana, 'Helvetica Neue', Helvetica, Arial, sans-serif; font-size: 14px; font-style: normal; font-weight: 400; word-spacing: 0px; white-space: normal; box-sizing: border-box; orphans: 2; widows: 2; background-color: #f9f9f9; -webkit-text-stroke-width: 0px; font-variant-ligatures: normal; font-variant-caps: normal; text-decoration-style: initial; text-decoration-color: initial;"">Illinois State Medical Society</p>
<p style=""margin: 0px 0px 10px; text-align: left; color: #333333; text-transform: none; text-indent: 0px; letter-spacing: normal; font-family: Verdana, 'Helvetica Neue', Helvetica, Arial, sans-serif; font-size: 14px; font-style: normal; font-weight: 400; word-spacing: 0px; white-space: normal; box-sizing: border-box; orphans: 2; widows: 2; background-color: #f9f9f9; -webkit-text-stroke-width: 0px; font-variant-ligatures: normal; font-variant-caps: normal; text-decoration-style: initial; text-decoration-color: initial;"">20 N. Michigan Avenue</p>
<p style=""margin: 0px 0px 10px; text-align: left; color: #333333; text-transform: none; text-indent: 0px; letter-spacing: normal; font-family: Verdana, 'Helvetica Neue', Helvetica, Arial, sans-serif; font-size: 14px; font-style: normal; font-weight: 400; word-spacing: 0px; white-space: normal; box-sizing: border-box; orphans: 2; widows: 2; background-color: #f9f9f9; -webkit-text-stroke-width: 0px; font-variant-ligatures: normal; font-variant-caps: normal; text-decoration-style: initial; text-decoration-color: initial;"">Suite 700 Michigan Room</p>
<p style=""margin: 0px 0px 10px; text-align: left; color: #333333; text-transform: none; text-indent: 0px; letter-spacing: normal; font-family: Verdana, 'Helvetica Neue', Helvetica, Arial, sans-serif; font-size: 14px; font-style: normal; font-weight: 400; word-spacing: 0px; white-space: normal; box-sizing: border-box; orphans: 2; widows: 2; background-color: #f9f9f9; -webkit-text-stroke-width: 0px; font-variant-ligatures: normal; font-variant-caps: normal; text-decoration-style: initial; text-decoration-color: initial;"">Chicago, IL. 60602</p>",1,2019-09-20 15:54:21.140000000
38384,21,1,2019-06-13 00:00:00,"<p>The CAC meeting is a joint meeting for JN JH and JL. The meeting was held at Mechanicsburg office of Novitas Solutions, Inc. at 2020 Technology Parkway, Mechanicsburg, PA 17050.</p>",1,2019-08-23 15:47:18.587000000
38384,21,2,2019-09-13 00:00:00,"<p>The open meeting is a meeting for JH and JL. The meeting will be&nbsp;held at Mechanicsburg office of Novitas Solutions, Inc. at 2020 Technology Parkway, Mechanicsburg, PA 17050.</p>",2,2019-08-23 15:47:18.590000000
38386,10,1,2019-10-16 00:00:00,"<p>12:00-1:30 p.m. CT</p>
<p>Illinois State Medical Society</p>
<p>20 N. Michigan Avenue</p>
<p>Suite 700 Michigan Room</p>
<p>Chicago, IL. 60602</p>",1,2019-09-20 15:21:41.677000000
38388,13,1,2019-11-15 00:00:00,"<p><span style=""line-height: 115%;"">The open meeting is a meeting for JH and JL. The meeting will be held at Mechanicsburg office of Novitas Solutions, Inc. at 2020 Technology Parkway, Mechanicsburg, PA 17050</span></p>",1,2019-10-25 12:37:54.193000000
38393,4,1,2019-10-29 00:00:00,"<p>This policy will be presented at the Kentucky open meeting October 29, 2019.</p>",1,2019-09-16 15:18:51.317000000
38393,4,2,2019-10-30 00:00:00,"<p>This will be presented at the Ohio open meeting October 30, 2019.</p>",2,2019-09-16 15:18:51.320000000
38395,3,1,2019-09-12 00:00:00,"<p>The open meeting is a joint meeting for MAC JN. The meeting will be held at Florida Blue at 4800 Deerwood Campus Pkwy. Jacksonville, FL 32246.</p>",1,2019-08-22 19:44:23.757000000
38397,3,1,2019-06-13 00:00:00,"<p>The CAC meeting is a joint meeting for JN JH and JL. The meeting was held at Mechanicsburg office of Novitas Solutions, Inc. at 2020 Technology Parkway, Mechanicsburg, PA 17050.</p>",1,2019-08-22 20:04:37.080000000
38397,3,2,2019-09-12 00:00:00,"<p>The open meeting is a meeting for JN. The meeting will be held at the Florida Blue 4800 Deerwood Campus Pkwy, Jacksonville, FL 32246</p>",2,2019-08-22 20:04:37.080000000
38399,5,1,2019-10-16 00:00:00,"<p>12:00-1:30 p.m. CT</p>
<p>Illinois State Medical Society</p>
<p>20 N. Michigan Avenue</p>
<p>Suite 700 Michigan Room</p>
<p>Chicago, IL. 60602</p>",1,2019-09-20 15:35:20.903000000
38401,6,1,2019-09-12 00:00:00,"<p>The open meeting is a joint meeting for JN. The meeting will be held at Florida Blue 4800 Deerwood Campus Pkwy, Jacksonville, FL 32246.</p>",1,2019-08-22 19:17:48.797000000
38424,2,1,2019-10-21 00:00:00,"<p>In Omaha, Nebraska and<br />Madison, Wisconsin</p>",1,2019-09-17 13:12:05.760000000
38426,2,1,2019-10-21 00:00:00,"<p>In Omaha, Nebraska and<br />Madison, Wisconsin</p>",1,2019-09-17 13:25:39.063000000
38428,2,1,2019-10-21 00:00:00,"<p>In Omaha, Nebraska and<br />Madison, Wisconsin</p>",1,2019-09-17 14:16:03.827000000
38430,2,1,2019-10-21 00:00:00,"<p>In Omaha, Nebraska and<br />Madison, Wisconsin</p>",1,2019-09-17 14:45:13.187000000
38432,2,1,2019-10-21 00:00:00,"<p>In Omaha, Nebraska and<br />Madison, Wisconsin</p>",1,2019-09-18 10:37:54.167000000
38434,2,1,2019-10-21 00:00:00,"<p>In Omaha, Nebraska and Madison, Wisconsin</p>",1,2019-09-18 11:55:13.997000000
38434,2,2,2019-06-26 00:00:00,"<p>For J5 MAC</p>",2,2019-09-18 11:55:14
38434,2,3,2019-06-26 00:00:00,"<p>For J8 MAC</p>",3,2019-09-18 11:55:14
38436,2,1,2019-10-21 00:00:00,"<p>In Omaha, Nebraska and<br />Madison, Wisconsin</p>",1,2019-09-18 10:52:03.847000000
38438,2,1,2019-10-21 00:00:00,"<p>In Omaha Nebraska and Madison Wisconsin</p>",1,2019-09-18 11:31:15.677000000
38440,2,1,2019-10-21 00:00:00,"<p>In Omaha, Nebraska and<br />Madison, Wisconsin</p>",1,2019-09-18 12:20:18.220000000
38442,2,1,2019-10-21 00:00:00,"<p>In Omaha, Nebraska and<br />Madison, Wisconsin</p>",1,2019-09-18 12:31:55.303000000
38445,3,1,2019-10-21 00:00:00,"<p>In Omaha, NE and Madison, WI</p>",1,2019-09-16 13:57:46.773000000
38445,3,2,2019-10-24 00:00:00,"<p>J5 MAC</p>",2,2019-09-16 13:57:46.777000000
38445,3,3,2019-10-28 00:00:00,"<p>J8 MAC</p>",3,2019-09-16 13:57:46.777000000
38446,3,1,2019-10-21 00:00:00,"<p>Draft LCD open meeting: J5 MAC, J8 MAC, and J5 National Part A.</p>",1,2019-09-17 10:59:53.917000000
38447,3,1,2019-10-21 00:00:00,"<p>In Omaha, Nebraska and<br />Madison, Wisconsin</p>",1,2019-09-17 12:54:38.457000000
38447,3,2,2019-10-24 00:00:00,"<p>In Overland Park, Kansas</p>",2,2019-09-17 12:54:38.460000000
38447,3,3,2019-10-28 00:00:00,"<p>In Novi, MI</p>",3,2019-09-17 12:54:38.463000000
38448,3,1,2019-10-21 00:00:00,"<p>In Omaha, Nebraska and Madison, Wisconsin</p>",1,2019-09-18 12:56:32.527000000
38449,3,1,2019-10-21 00:00:00,"<p>In Omaha, Nebraska and<br />Madison, Wisconsin</p>",1,2019-09-18 13:31:34.710000000
38449,3,2,2019-06-26 00:00:00,"<p>Multi-jurisdictional CAC Meeting</p>",2,2019-09-18 13:31:34.710000000
38450,3,1,2019-10-21 00:00:00,"<p>In Omaha, Nebraska and Madison, Wisconsin</p>",1,2019-09-18 14:06:55.530000000
38459,14,1,2019-11-15 00:00:00,"<p>The open meeting is a meeting for JH and JL. The meeting will be held at Mechanicsburg office of Novitas Solutions, Inc. at 2020 Technology Parkway, Mechanicsburg, PA 17050</p>",1,2019-10-25 13:10:09.907000000
38460,5,1,2019-11-12 00:00:00,"<p>Noridian Healthcare Solutions</p>
<p>900 42nd St S</p>
<p>Fargo, ND 58103</p>
<p><span style=""line-height: 107%;"">10:00 a.m. CT; 8:00 a.m. PT</span></p>",1,2019-10-25 12:50:03.793000000
38464,5,1,2019-11-12 00:00:00,"<p>Noridian Healthcare Solutions</p>
<p>900 42nd St S</p>
<p>Fargo, ND 58103</p>
<p>10:00 a.m. CT; 8:00 a.m. PT</p>",1,2019-10-25 12:55:22.583000000
38468,3,1,2019-10-22 00:00:00,"<p>Hilton San Diego Bayfront</p>
<p>One Park Boulevard</p>
<p>San Diego, CA 92101</p>",1,2019-09-28 08:32:43.133000000
38469,3,1,2019-10-22 00:00:00,"<p>Hilton San Diego Bayfront</p>
<p>One Park Boulevard</p>
<p>San Diego, CA 92101</p>",1,2019-09-28 08:43:41.920000000
38474,6,1,2019-11-14 00:00:00,"<p>The open meeting is a joint meeting for JN. The meeting will be held at Florida Blue, 4800 Deerwood Campus Parkway, Jacksonville, FL 32246.&nbsp; Interested parties may also dial in using WebEx instructions available on the First Coast website.</p>",1,2019-10-25 12:00:03.247000000
38480,12,1,2020-02-26 00:00:00,"<p>12:00-3:00 p.m. CT</p>
<p>Illinois State Medical Society</p>
<p>20 N. Michigan Avenue</p>
<p>Suite 700 Michigan Room</p>
<p>Chicago, IL. 60602</p>",1,2020-01-31 08:34:32.393000000
38491,3,1,2020-02-18 00:00:00,"<p>The open joint J15 meeting will be on February 18, 2020. Please see our website for additional information.</p>",1,2020-01-15 11:17:43.257000000
38493,12,1,2020-01-16 00:00:00,"<p>The open meeting is a meeting for JH and JL. The meeting will be held at Mechanicsburg office of Novitas Solutions, Inc. at 2020 Technology Parkway, Mechanicsburg, PA 17050</p>",1,2019-12-20 07:46:11.227000000
38494,29,1,2020-01-16 00:00:00,"<p>The open meeting is a meeting for JH and JL. The meeting will be held at the Mechanicsburg office of Novitas Solutions, Inc. at 2020 Technology Parkway, Mechanicsburg, PA 17050.</p>",1,2019-12-20 07:52:59.960000000
38496,7,1,2020-01-28 00:00:00,"<p>Location:<br />Hyatt Regency DFW <br />2334 N International Pkwy <br />Dallas, TX 75261</p>
<p>Phone:1-972-453-1234</p>",1,2019-12-19 12:10:59.120000000
38499,7,1,2020-01-09 00:00:00,"<p>The open meeting is a joint meeting for JN. The meeting will be held at Florida Blue at 4800 Deerwood Campus Pkwy, Jacksonville, FL 32246.</p>
<p>Registered Guests&nbsp;are given the option of attending in person, or participating via teleconference.</p>",1,2019-12-19 16:09:56.637000000
38505,5,1,2020-01-09 00:00:00,"<p>The open meeting is a joint meeting for MAC JN. The meeting will be held at Florida Blue at 4800 Deerwood Campus Pkwy. Jacksonville, FL 32246.</p>",1,2019-12-19 16:11:44.913000000
38507,13,1,2020-01-28 00:00:00,"<p>Location: Hyatt Regency DFW<br />2334 N International Pkwy<br />Dallas, TX 75261<br />1-972-453-1234</p>",1,2019-12-20 15:17:54.557000000
38508,7,1,2020-01-28 00:00:00,"<p>Location: Hyatt Regency DFW<br>2334 N International Pkwy<br>Dallas, TX 75261<br>1-972-453-1234</p>",1,2019-12-20 14:02:17.333000000
38523,15,1,2020-02-26 00:00:00,"<p>12:00-3:00 p.m.&nbsp;CT <br /><br />Illinois State Medical Society <br /> 20 N. Michigan Avenue&nbsp;<br /> Suite 700 Michigan Room <br /> Chicago, IL 60602</p>",1,2020-01-31 14:02:13.023000000
38524,6,1,2020-01-28 00:00:00,"<p>Location: Hyatt Regency DFW</p>
<p>2334 N International Pkwy</p>
<p>Dallas, TX 75261</p>",1,2020-01-10 11:57:15.433000000
38527,2,1,2020-02-19 00:00:00,"<p>In Omaha, NE and Madison, WI</p>",1,2020-01-22 12:38:59.870000000
38527,2,2,2020-02-20 00:00:00,"<p>J5 CAC Omaha, NE</p>",2,2020-01-22 12:38:59.870000000
38527,2,3,2020-02-24 00:00:00,"<p>J8 CAC Novi, MI</p>",3,2020-01-22 12:38:59.873000000
38529,2,1,2020-02-19 00:00:00,"<p>In Omaha, Nebraska and<br />Madison, Wisconsin</p>",1,2020-01-22 13:22:46.413000000
38529,2,2,2020-02-20 00:00:00,"<p>J5 CAC<br />In Omaha, NE</p>",2,2020-01-22 13:22:46.417000000
38529,2,3,2020-02-24 00:00:00,"<p>J8 CAC<br />In Novi, MI</p>",3,2020-01-22 13:22:46.420000000
