lcd_id,lcd_version,icd10_support_group,"paragraph","icd10_support_ast",last_updated
33263,8,1,"<b>For CPT code 91122</b>","",2016-10-13 14:33:12.773000000
33263,8,2,"<b>For CPT code 51784 and 51785</b>","",2016-10-13 14:33:12.830000000
33266,13,1,"","",2019-01-22 11:02:52.687000000
33268,34,1,"<p>Please refer to the Local Coverage Article: Billing and Coding: Bendamustine hydrochloride (A56665) for billing and coding requirements that apply to the reasonable and necessary provisions outlined in this LCD.</p>","",2019-06-21 22:29:42.720000000
33272,10,1,"","",2019-01-22 11:10:41.730000000
33273,18,1,"","<p>*Diagnosis codes Z85.72-Z85.79 are secondary diagnosis codes and <span style=""text-decoration: underline;"">should</span> <span style=""text-decoration: underline;"">not</span> be billed as the primary diagnosis.&nbsp; All the codes within the asterisked range from the first code to the last code apply.</p>",2019-01-04 16:05:35.253000000
33275,18,1,"","",2018-12-10 14:38:05.133000000
33278,9,1,"","",2018-10-03 13:29:20.467000000
33393,5,1,"","",2019-11-08 14:01:58.620000000
33412,6,1,"","",2014-05-28 15:49:15
33416,29,1,"<p><strong>Note:</strong> One of the following secondary diagnosis codes <strong>must</strong> accompany a primary diagnosis code (see <em><strong>Article Text</strong>-<strong>Coding Guidelines</strong> </em>in related article). The use of these diagnosis codes implies that the medical necessity of the 3-D rendering and interpretation is documented in the medical record with a written request for the study from the referring physician and is available upon request.</p>
<p>Medicare expects that&nbsp;there will be a primary diagnosis code(s) that is representative of the patient's medical condition, which supports the need for the base imaging procedure. Use the secondary diagnosis that most closely represents the body area that is to be 3-D imaged (implies medical necessity for 3-D rendering and interpretation).<br /><br />The CPT/HCPCS codes included in this Local Coverage Determination (LCD) will be subjected to &ldquo;procedure to diagnosis&rdquo; editing. The following lists include only those secondary diagnoses for which the identified CPT/HCPCS procedures are covered. <strong>Note:</strong> If a covered secondary diagnosis is not on the claim, the edit will automatically deny the service as not medically necessary.<br /><br />Medicare is establishing the following limited coverage for <strong>CPT/HCPCS codes 76376 and 76377:<br /><br />Covered secondary diagnoses:</strong></p>","",2019-03-08 12:04:40.897000000
33595,8,1,"","",2018-01-11 11:57:34.313000000
33613,21,1,"The use of an ICD-10-CM code listed below does not assure coverage of a service. The service must be reasonable and necessary in the specific case and must meet the criteria specified in this determination.<br /><br />","",2017-05-04 11:14:24.420000000
33722,12,1,"","",2018-05-03 09:32:44.183000000
33723,16,1,"","",2018-10-03 13:41:40.790000000
33726,18,1,"","<p>* Note: Diagnosis codes C64.1-C64.9 are only to be used for transitional cell cancer of the bladder residing in the kidney (renal transitional cell carcinoma).&nbsp; All the codes within the asterisked range from the first code to the last code apply.<br /><br />* Note: Diagnosis code C11.0, C11.1, C11.2, C11.3, C11.8, C11.9, C12, C14.0, C14.2, C30.0 or D37.05 is to be used to describe primary therapy in combination with cisplatin for any T, any N, and M1 disease.<br /><br />* Note: Diagnosis codes C11.0, C11.1, C11.2, C11.3, C11.8, C11.9, C12, C14.0, C14.2, C30.0, or D37.05 and Z85.21, Z85.22, Z85.810, Z85.818 or Z85.819 are to be used for recurrent/persistent disease with distant metastases, or unresectable locoregional recurrence or second primary with prior radiation therapy.<br /><br />* Note: Diagnosis code Z85.21, Z85.22, Z85.810, Z85.818 or Z85.819 is to be used to describe a secondary (supplemental) diagnosis, in addition to the primary diagnosis, to identify that this patient has had a prior diagnosis of malignant neoplasm of the head and neck.</p>",2018-06-15 11:02:08.733000000
33727,10,1,"<p>For: J9205</p>","",2019-01-22 11:15:35.600000000
33727,10,2,"<p>For: J9206</p>","",2019-01-22 11:15:35.617000000
33729,10,1,"","",2019-01-22 11:16:32.440000000
33730,20,1,"","",2018-10-05 15:50:46.560000000
33746,21,1,"","<p>*According to the ICD-10-CM book, code first <u>T36-T50</u> to identify drug for <u>D59.0</u> (drug-induced autoimmune hemolytic anemia). ICD-10 code D89.811 must accompany underlying cause diagnosis code T86.00-T86.09 or T86.5.</p>",2019-01-22 11:17:35.060000000
33748,9,1,"","",2019-01-22 11:18:24.690000000
33752,11,1,"","",2019-01-22 11:19:21.973000000
33794,86,1,"","",2019-12-13 11:54:23.333000000
33794,86,2,"","",2019-12-13 11:54:23.337000000
33794,86,3,"","",2019-12-13 11:54:23.340000000
33794,86,4,"","",2019-12-13 11:54:23.347000000
33794,86,5,"","",2019-12-13 11:54:23.350000000
33797,23,1,"","",2019-02-08 10:31:00.837000000
33797,23,2,"","",2019-02-08 10:31:00.840000000
33797,23,3,"","",2019-02-08 10:31:00.843000000
33803,21,1,"","",2019-02-15 10:24:12.827000000
33808,11,1,"","",2019-01-22 11:24:02.497000000
33934,9,1,"","",2019-01-22 11:25:54.277000000
33972,29,1,"","",2019-01-04 15:57:09.660000000
33978,11,1,"","",2019-01-22 11:27:46.780000000
33989,13,1,"","",2018-10-18 18:48:31.507000000
33998,9,1,"","",2018-06-08 09:59:35.457000000
34009,26,1,"<p><strong>Note</strong>: Diagnosis codes are based on the current ICD-10-CM codes that are effective at the time of LCD publication. Any updates to ICD-10 codes will be reviewed by Noridian, and coverage should not be presumed until the results of such review have been published/posted.<br /><br />These are the <strong><u>only</u></strong> covered ICD-10 codes that support medical necessity:<br /><br /><strong><u>Primary</u>: ICD-10-CM Codes (Names of Vertebrae)<br /><br />The precise level of subluxation must be listed as the primary diagnosis</strong>.</p>","",2018-08-30 13:14:44.117000000
34009,26,2,"<p><u><strong>Secondary</strong></u> ICD-10-CM Codes<br /><br /><u>Category I</u> - ICD-10-CM Diagnosis (diagnoses that generally require short term treatment):</p>","",2018-08-30 13:14:44.157000000
34009,26,3,"<p><u><strong>Category II</strong></u> - ICD-10-CM Diagnosis (diagnoses that generally require moderate term treatment:</p>","",2018-08-30 13:14:44.263000000
34009,26,4,"<p><u><strong>Category III</strong></u> - ICD-10-CM Diagnosis (diagnoses that may require long term treatment):<br /><br /></p>","",2018-08-30 13:14:44.600000000
34242,26,1,"<p>These are the <strong><u>only</u></strong> covered ICD-10-CM codes that support medical necessity:<br /><br /><strong><u>Primary</u>: ICD-10-CM Codes (Names of Vertebrae)</strong><br /><br />The precise level of subluxation must be listed as the primary diagnosis.</p>","",2018-08-30 13:12:49.693000000
34242,26,2,"<p><strong><u>Secondary</u> ICD-10-CM Codes</strong><br /><br /><strong><u>Category I</u> - ICD-10-CM Diagnosis (diagnoses that generally require short term treatment):</strong></p>","",2018-08-30 13:12:49.740000000
34242,26,3,"<p><strong><u>Category II</u> - ICD-10-Cm Diagnosis (diagnoses that generally require moderate term treatment:</strong></p>","",2018-08-30 13:12:49.863000000
34242,26,4,"<p><strong><u>Category III</u> - ICD-10-CM Diagnosis (diagnoses that may require long term treatment):</strong></p>","",2018-08-30 13:12:50.330000000
34412,50,1,"<p>The CPT codes included in this LCD will be subject to &ldquo;procedure to diagnosis&rdquo; editing. The following list includes only those diagnoses for which the identified CPT procedures are covered. If a covered diagnosis is not on the claim, the edit will automatically deny the service as not medically necessary.<br /><br />Medicare is establishing the following limited coverage for CPT codes <strong>93797, 93798, G0422, and G0423:</strong><br /><br /></p>","<p>Note: ICD-10 code I25.2 (old myocardial infarction) refers to a MI that has occurred more than eight weeks prior to cardiac rehabilitation services.<br /><br /><br /></p>",2019-01-07 16:54:14.103000000
34436,15,1,"","",2018-03-20 14:23:02.753000000
34546,23,1,"<b>The ICD-10-CM(s) supporting reasonable and necessary services will vary, but must be reported along with the Z91.81 (history of falling). </b>","",2017-03-10 14:46:38.717000000
34592,25,1,"","",2019-08-20 11:25:38.703000000
34741,61,1,"<p><strong>J0129 Abatacept (Orencia&trade;), 10 mg</strong></p>
<ul>
<li>Adult Rheumatoid Arthritis (RA): moderately to severely active RA in adults.</li>
<li>Juvenile Idiopathic Arthritis: moderately to severely active polyarticular juvenile idiopathic arthritis in patients 6 years of age and older.</li>
<li>Adult Psoriatic Arthritis (PsA): active PsA in adults. FDA approved 06/30/2017.</li>
</ul>
<p><strong>J0129</strong> should only be used when administering intravenously.</p>
<p>(CODE MAY BE USED FOR MEDICARE WHEN DRUG IS ADMINISTERED UNDER THE DIRECT SUPERVISION OF A PHYSICIAN, NOT FOR USE WHEN DRUG IS SELF ADMINISTERED)</p>","",2018-05-24 16:04:00.683000000
34741,61,2,"<p><strong>J2778 Ranibizumab (Lucentis&trade;), 0.1 mg; </strong></p>
<ul>
<li>Neovascular (Wet) Age-Related Macular Degeneration</li>
<li>Diabetic macular edema</li>
<li>Diabetic retinopathy in patients with or without&nbsp;diabetic macular edema</li>
</ul>","",2018-05-24 16:04:01.600000000
34741,61,3,"<p><strong>J0178 Aflibercept (Eylea), 1 mg</strong></p>
<ul>
<li>Neovascular (Wet) Age-Related Macular Degeneration</li>
<li>Diabetic macular edema</li>
<li>Diabetic retinopathy in patients with diabetic macular edema</li>
</ul>","",2018-05-24 16:04:02.017000000
34741,61,4,"<p><strong>J2778 Ranibizumab (Lucentis&trade;), 0.1mg; J0178 Aflibercept (Eylea), 1 mg</strong><br /> Macular Edema following <strong>either</strong> central retinal vein occlusion (CRVO) <strong>or</strong> venous tributary branch occlusion (BRVO).</p>","",2018-05-24 16:04:02.200000000
34741,61,5,"<p><strong>J2778 Ranibizumab (Lucentis&trade;), 0.1 mg</strong><br />Myopic Choroidal Neovascularization (mCNV) FDA approval 01/05/2017</p>","",2018-05-24 16:04:02.233000000
34741,61,6,"<p><strong>J0180 Agalsidase Beta (Fabrazyme&trade;), 1 mg</strong></p>","",2018-05-24 16:04:02.300000000
34741,61,7,"<p><strong>J0256 Alpha 1 Proteinase Inhibitor (Human), not otherwise specified, 10 mg</strong></p>","",2018-05-24 16:04:02.330000000
34741,61,8,"<p><strong>J0257 Alpha 1 Protease Inhibitor (Human), (Glassia), 10 MG</strong></p>","",2018-05-24 16:04:02.340000000
34741,61,9,"<p><strong>J0364 Apomorphine hydrochloride (Apokyn&trade;), 1 mg</strong> <br />Acute, intermittent treatment of hypomobility associated with advanced Parkinson's disease.</p>","",2018-05-24 16:04:02.367000000
34741,61,10,"<p><strong>J1300 Eculizumab (Soliris&trade;), 10 mg </strong></p>
<ul>
<li>Treatment of patients with paroxysmal nocturnal hemoglobinuria (PNH) to reduce hemolysis.&nbsp;</li>
<li>For the treatment of patients with atypical hemolytic uremic syndrome (aHUS) to inhibit complement mediated thrombotic microangiopathy. Effective 09/23/2011-FDA approval date.</li>
<li>The treatment of adult patients with generalized Myasthenia Gravis (gMG) who are anti-acetylcholine receptor (AchR) antibody positive. FDA approval/effective date 10/23/2017.</li>
</ul>","",2018-05-24 16:04:02.400000000
34741,61,11,"<p><strong>J1745 Infliximab (Remicade&trade;), 10 mg AND </strong></p>
<ul>
<li>Q5103 INJECTION, INFLIXIMAB-DYYB, BIOSIMILAR (INFLECTRA), 10 MG <strong>OR</strong></li>
<li>Q5104 INJECTION, INFLIXIMAB-ABDA, BIOSIMILAR, (RENFLEXIS), 10 MG</li>
</ul>
<p>CR10454 Quarterly Healthcare Common Procedure Coding System (HCPCS) Drug/Biological Code Changes - April 2018 Update. Effective for claims with dates of service on or after April 1, 2018 HCPCS codes Q5103 and Q5104 will be payable for Medicare, HCPCS code Q5102 will no longer be payable, and modifiers that describe the manufacturer of a biosimilar product (for example, ZA, ZB and ZC) will no longer be required on Medicare claims.</p>
<ul>
<li>Other rheumatoid arthritis with visceral or systemic involvement.&nbsp;</li>
<li>Sarcoidosis: will be considered for treating patients with persistent symptomatic sarcoidosis despite corticosteroid and immunosuppressive treatment.&nbsp;</li>
<li>Iridocyclitis: Infliximab will be covered for uveitis that is refractory to other immunosuppressive agents.&nbsp;</li>
<li>Failure of previously used agents must be documented in the medical record.</li>
</ul>","",2018-05-24 16:04:02.433000000
34741,61,12,"<p><strong>J1931 Laronidase (Aldurazyme&trade;), 0.1 mg</strong></p>
<ul>
<li>Indicated for patients with Hurler and Hurler-Scheie forms of Mucopolysaccharidosis I (MPS I) and&nbsp;</li>
<li>For patients with the Scheie form who have moderate to severe symptoms.</li>
</ul>","",2018-05-24 16:04:03.343000000
34741,61,13,"<p><strong>J2001 Lidocaine HCL, 10 mg</strong></p>","",2018-05-24 16:04:03.383000000
34741,61,14,"<p><strong>J2323 Natalizumab (Tysabri&trade;), 1 mg</strong><br />Crohn&rsquo;s disease will be covered for moderate to severe active Crohn&rsquo;s disease (CD) with evidence of inflammation for patients who have had an inadequate response to, or are unable to tolerate, conventional CD therapies and inhibitors of TNF-<em>a</em>.</p>","",2018-05-24 16:04:03.427000000
34741,61,15,"<p><strong>J2357 Omalizumab (Xolair&trade;), 5 mg </strong></p>
<ul>
<li>Moderate to severe persistent asthma in patients with a positive skin test or in vitro reactivity to a perennial aeroallergen and symptoms that are inadequately controlled with inhaled corticosteroids. Includes moderate to severe extrinsic or intrinsic asthma.&nbsp;</li>
<li>Chronic Idiopathic Urticaria adults and adolescents (12 years and above) who remain symptomatic despite H1 antihistamine treatment. Effective 03/21/2014-FDA approval date.</li>
</ul>","",2018-05-24 16:04:03.477000000
34741,61,16,"<p><strong>J2503 Pegaptanib sodium (Macugen&trade;), 0.3 mg </strong></p>
<ul>
<li>Diabetic macular edema,&nbsp;</li>
<li>Central vein occlusion,&nbsp;</li>
<li>Wet macular degeneration</li>
</ul>","",2018-05-24 16:04:03.507000000
34741,61,17,"<p><strong>J2562 Plerixafor (Mozobil&trade;), 1 mg</strong><br />Indicated in combination with granulocyte-colony stimulating factor (G-CSF) to mobilize hematopoietic stem cells to the peripheral blood for collection and subsequent autologous transplantation in patients with non-Hodgkin&rsquo;s lymphoma and multiple myeloma.</p>","",2018-05-24 16:04:03.690000000
34741,61,18,"<p><strong>J2796 Romiplostim (Nplate&trade;), 10 mcg</strong> <br />For the treatment of thrombocytopenia in patients with chronic immune idiopathic thrombocytopenic purpura (ITP) who have had an insufficient response to corticosteroids, immunoglobulins or splenectomy.</p>","",2018-05-24 16:04:03.870000000
34741,61,19,"<p><strong>J3396 Verteporfin (Visudyne&trade;), 0.1 mg</strong> <br />See National Coverage Determinations Manual 100-03 Section 80.3.1</p>
<ul>
<li>Verteporfin is covered with a diagnosis of neovascular age-related macular degeneration with predominately classic subfoveal choroidal neovascular (CNV) lesions where the area of classic CNV occupies = 50 percent of the area of the entire lesion at the initial visit.&nbsp;</li>
<li>Additional FDA approved indications include pathologic myopia and presumed ocular histoplasmosis.&nbsp;</li>
<li>Central serous chorioretinopathy is approved effective 01/01/2016.</li>
</ul>","",2018-05-24 16:04:03.883000000
34741,61,20,"<ul>
<li><strong>J3590 (unclassified biologics) for Bevacizumab (Avastin&trade;), 1-3 mg</strong> (for administration in the office setting)&nbsp;</li>
<li><strong>C9257 Bevaciumab (Avastin&trade;), 0.25 mg</strong> (for hospital outpatient and ASC settings)</li>
</ul>","",2018-05-24 16:04:03.967000000
34741,61,21,"<p><strong>J0490 Belimumab (Benlysta&trade;), 10 mg</strong><br />B-lymphocycte stimulator (BLyS)-specific inhibitor indicated for the treatment of adult patients with active, autoantibody-positive, systemic lupus erythematosus who are receiving standard therapy.</p>","",2018-05-24 16:04:04.230000000
36314,15,1,"","",2018-12-19 15:54:24.627000000
36316,16,1,"","",2018-12-19 16:01:02.643000000
36342,44,1,"<p><strong>For screening mammography (77063 or 77067):</strong><br /><br />For claims with dates of service on or after January 1, 2002, when a screening mammography and a diagnostic mammography are performed on the same date of service, for the same patient, append modifier -GG to the diagnostic mammography procedure code. Both the screening mammography and the diagnostic mammography procedure codes should be reported on the same claim:</p>","<p>*Diagnosis Z12.31 should be reported on the detail line associated with the screening procedure, and one of the below diagnosis codes should be reported on the detail line associated with the diagnostic procedure and modifier GG.</p>",2019-06-21 22:37:59.010000000
36342,44,2,"<p><strong>For diagnostic mammography (77065, 77066, or G0279) billed with or without Modifier GG:</strong></p>","",2019-06-21 22:37:59.020000000
36355,30,1,"<p>Please refer to the Local Coverage Article: Billing and Coding: Colorectal Cancer Screening (A56488) for billing and coding requirements that apply to the general indications of the LCD.</p>","",2019-04-05 21:39:20.437000000
36376,4,1,"The following ICD-10- diagnosis codes are considered medically necessary:","",2016-02-03 12:06:07.350000000
36785,10,1,"","",2019-01-22 08:45:09.823000000
37796,37,1,"<p>Please see Coding article for Sclerotherapy and Endovenous Non-Thermal Treatment of Varicose Veins, A56268</p>","",2019-01-25 12:19:52.893000000
37814,6,1,"","",2019-03-22 11:54:42.293000000
37922,2,1,"","",2018-08-21 12:39:26.637000000
37942,3,1,"<p>It is the provider&rsquo;s responsibility to select codes carried out to the highest level of specificity and selected from the ICD-10-CM code book appropriate to the year in which the service is rendered for the claim(s) submitted.</p>
<p>Medicare is establishing the following limited coverage for CPT code <strong>91122</strong></p>","",2018-09-19 10:29:02.200000000
37942,3,2,"<p>It is the provider&rsquo;s responsibility to select codes carried out to the highest level of specificity and selected from the ICD-10-CM code book appropriate to the year in which the service is rendered for the claim(s) submitted.</p>
<p>Medicare is establishing the following limited coverage for CPT code <strong>51784 and 51785</strong></p>","",2018-09-19 10:29:02.233000000
37976,15,1,"<p>Refer to Coding Article A56178</p>","",2019-05-30 10:45:37.527000000
37999,14,1,"<p style=""line-height: normal;"">Refer to Coding Article A56572</p>","",2019-05-15 14:52:14.653000000
38000,10,1,"<p style=""line-height: normal;"">Refer to Coding Article A56573</p>","",2019-05-15 14:50:10.187000000
38013,14,1,"","",2019-01-24 06:59:39.080000000
38015,3,1,"","",2019-01-28 07:25:55.790000000
38017,2,1,"","",2019-01-21 12:07:11.983000000
38025,4,1,"","",2019-03-22 11:56:00.580000000
38027,4,1,"","",2019-03-22 11:53:38.540000000
38028,3,1,"","",2019-03-21 17:02:52.343000000
38032,6,1,"","",2019-03-22 12:00:28.820000000
38038,2,1,"","",2019-03-21 17:06:56.203000000
38040,5,1,"","",2019-03-21 17:07:42.627000000
38042,4,1,"","",2019-03-21 17:15:17.623000000
38044,3,1,"","",2019-03-21 17:16:03.543000000
38046,3,1,"","",2019-03-21 17:16:44.617000000
38050,3,1,"","",2019-03-21 17:17:56.317000000
38052,3,1,"","",2019-03-27 12:53:48.210000000
38058,4,1,"","",2019-03-29 14:58:29.293000000
38064,4,1,"","",2019-03-27 11:57:40.847000000
38066,3,1,"","",2019-03-27 12:00:28.293000000
38069,3,1,"","",2019-03-27 12:55:02.627000000
38076,3,1,"","",2019-03-27 12:56:14.980000000
38092,15,1,"<p>Refer to Coding Article A56609</p>","",2019-05-30 10:50:22.120000000
38093,15,1,"<p>Refer to Coding Article A56588</p>
<p>&nbsp;</p>","",2019-05-30 10:55:32.733000000
38094,12,1,"<p>Refer to Coding Article <span style=""text-align: left; color: #333333; text-transform: none; text-indent: 0px; letter-spacing: normal; font-family: Verdana, 'Helvetica Neue', Helvetica, Arial, sans-serif; font-size: 14px; font-style: normal; font-weight: 400; word-spacing: 0px; float: none; display: inline !important; white-space: normal; orphans: 2; widows: 2; background-color: #ffffff; -webkit-text-stroke-width: 0px; font-variant-ligatures: normal; font-variant-caps: normal; text-decoration-style: initial; text-decoration-color: initial;"">A56590</span></p>","",2019-05-30 10:35:02.770000000
38110,3,1,"","",2019-04-12 07:23:36.407000000
38118,3,1,"","",2019-05-11 01:12:01.160000000
38120,3,1,"","",2019-05-11 00:52:59.957000000
38122,3,1,"","",2019-05-07 15:47:03.127000000
38124,4,1,"","",2019-05-08 10:42:29.950000000
38126,6,1,"","",2019-05-09 16:54:03.060000000
38128,4,1,"","",2019-05-09 16:55:18.353000000
38130,8,1,"","",2019-05-09 15:48:10.830000000
38132,7,1,"","",2019-05-09 16:18:45.660000000
38134,7,1,"","",2019-05-10 20:15:32.207000000
38136,5,1,"","",2019-05-10 20:20:44.283000000
38138,6,1,"","",2019-05-09 14:32:47.310000000
38142,9,1,"","",2019-05-09 11:58:07.573000000
38144,6,1,"","",2019-05-09 11:31:10.070000000
38146,5,1,"","",2019-05-08 16:37:39.377000000
38148,5,1,"","",2019-05-08 16:39:51.897000000
38150,4,1,"","",2019-05-10 19:51:58.080000000
38152,4,1,"","",2019-05-10 20:01:37.050000000
38154,7,1,"","",2019-05-09 14:19:52.510000000
38156,3,1,"","",2019-05-17 07:47:01.107000000
38157,2,1,"","",2019-04-16 08:43:48.630000000
38159,3,1,"","",2019-04-16 09:09:24.523000000
38159,3,2,"","",2019-04-16 09:09:24.557000000
38165,2,1,"","",2019-04-16 12:48:07.970000000
38167,2,1,"","",2019-04-16 15:44:47.403000000
38173,2,1,"","",2019-04-17 09:22:03.740000000
38175,2,1,"","",2019-04-17 11:08:04.420000000
38177,2,1,"","",2019-04-17 11:54:11.823000000
38197,17,1,"Not specified","",2019-05-03 12:38:18.007000000
38200,3,1,"<p>Refer to Coding Article</p>","",2019-05-24 08:05:08.203000000
38210,2,1,"","",2019-05-20 15:12:28.127000000
38212,2,1,"","",2019-05-23 13:05:07.107000000
38221,10,1,"<p style=""line-height: normal;"">Use of these codes does not guarantee reimbursement. The patient&rsquo;s medical record must document that the coverage criteria in this policy have been met.</p>","",2019-08-16 10:07:31.503000000
38222,40,1,"","",2019-06-21 09:31:16.377000000
38226,6,1,"<p>Please refer to the Local Coverage Article: Billing and Coding: Gastrointestinal Pathogen (GIP) Panels Utilizing Multiplex Nucleic Acid Amplification Techniques (NAATs) (A56638) for billing and coding requirements that apply to the reasonable and necessary provisions outlined in this LCD.</p>","",2019-06-21 20:49:00.377000000
38228,10,1,"","",2019-06-21 09:53:52.450000000
38230,7,1,"<p>Please refer to the Local Coverage Article: Billing and Coding: Endovenous Stenting (A56644) for billing and coding requirements that apply to the reasonable and necessary provisions outlined in this LCD.</p>","",2019-06-21 21:15:11.973000000
38232,3,1,"","",2019-06-21 20:58:11.703000000
38234,12,1,"","",2019-06-21 09:58:30.540000000
38237,3,1,"","",2019-08-16 10:13:41.987000000
38239,6,1,"","",2019-08-16 10:08:18.910000000
38241,3,1,"","",2019-08-16 12:03:36.683000000
38250,5,1,"","",2019-08-16 10:05:17.050000000
38250,5,2,"","",2019-08-16 10:05:17.080000000
38253,4,1,"","",2019-08-16 10:14:39.437000000
38254,5,1,"<p><span style=""line-height: 115%;"">The following diagnoses are covered for AlloSure&reg; Kidney</span></p>","",2019-08-16 10:10:59.537000000
38254,5,2,"<p><span style=""line-height: 115%;"">AlloSure&reg; Heart in conjunction with AlloMap&reg;</span></p>","",2019-08-16 10:10:59.573000000
38256,3,1,"","",2019-08-16 10:15:39.443000000
38257,3,1,"","",2019-08-16 10:11:46.790000000
38259,3,1,"","",2019-08-16 10:12:46.077000000
38273,4,1,"","",2019-08-16 10:18:37.650000000
38275,3,1,"<p style=""line-height: normal;"">Use of these codes does not guarantee reimbursement. The patient&rsquo;s medical record must document that the coverage criteria in this policy have been met.</p>","",2019-08-16 10:03:47.580000000
38277,6,1,"<p style=""line-height: normal;"">Use of these codes does not guarantee reimbursement. The patient&rsquo;s medical record must document that the coverage criteria in this policy have been met.</p>","",2019-08-16 10:03:12.870000000
38289,4,1,"","",2019-08-16 10:17:05.100000000
38291,5,1,"","",2019-08-16 10:17:55.443000000
38293,7,1,"<p><span style=""line-height: 115%;"">The following diagnosis codes are covered for Group 1&nbsp;CPT<sup>&reg;</sup>/HCPCS codes if the treatment for the diagnosis involves the treating clinician considering treatment with a medication that makes the service billed from Group 1 reasonable and necessary.</span></p>","",2019-08-16 10:16:24.420000000
38293,7,2,"<p><span style=""line-height: 115%;"">The following diagnosis codes are covered for 81225 if the treatment for the diagnosis involves the treating clinician considering treatment with a medication that makes the service described by 81225 reasonable and necessary.</span></p>","",2019-08-16 10:16:24.810000000
38293,7,3,"<p><span style=""line-height: 115%;"">The following diagnosis codes are covered for 81227 if the treatment for the diagnosis involves the treating clinician considering treatment with Mayzent.</span></p>","",2019-08-16 10:16:25.007000000
38295,5,1,"","",2019-08-16 10:19:17.260000000
38298,6,1,"<p>Refer to Coding Article A56934</p>","<p>N/A</p>",2019-08-21 15:19:35.970000000
38300,8,1,"<p>Refer to Billing and Coding Article A56935</p>","<p>N/A</p>",2019-08-21 15:21:08.377000000
38309,10,1,"","",2019-08-15 13:56:33.970000000
38311,10,1,"","",2019-08-15 14:09:17.350000000
38313,6,1,"","",2019-08-29 15:10:49.750000000
38384,21,1,"","",2019-08-23 15:47:18.603000000
38395,3,1,"<p>Please refer to the Local Coverage Article: Billing and Coding: Cardiology Non-emergent Outpatient Stress Testing (A56952) for billing and coding requirements that apply to the reasonable and necessary provisions outlined in this LCD.</p>","",2019-08-22 19:44:23.773000000
38397,3,1,"<p>Please refer to the Local Coverage Article: Billing and Coding: Hypoglossal Nerve Stimulation for the Treatment of Obstructive Sleep Apnea (A56953) for billing and coding requirements that apply to the reasonable and necessary provisions outlined in the LCD.</p>","",2019-08-22 20:04:37.100000000
38401,6,1,"<p>Please refer to the Local Coverage Article: Billing and Coding: 4Kscore Test Algorithm (A56287) for billing and coding requirements that apply to the reasonable and necessary provisions outlined in this LCD.</p>","",2019-08-22 19:17:48.870000000
