"lcd_id","lcd_version","bill_code_id","bill_code_version","last_updated","description"
"33263","8","013","6","2016-10-13 14:33:12.703000000","Hospital Outpatient"
"33263","8","085","6","2016-10-13 14:33:12.710000000","Critical Access Hospital"
"33266","13","013","6","2019-01-22 11:02:52.663000000","Hospital Outpatient"
"33266","13","021","6","2019-01-22 11:02:52.667000000","Skilled Nursing - Inpatient (Including Medicare Part A)"
"33266","13","022","6","2019-01-22 11:02:52.667000000","Skilled Nursing - Inpatient (Medicare Part B only)"
"33266","13","023","6","2019-01-22 11:02:52.670000000","Skilled Nursing - Outpatient"
"33266","13","085","6","2019-01-22 11:02:52.670000000","Critical Access Hospital"
"33268","34","999","6","2019-06-21 22:29:42.707000000","Not Applicable"
"33272","10","012","6","2019-01-22 11:10:41.697000000","Hospital Inpatient (Medicare Part B only)"
"33272","10","013","6","2019-01-22 11:10:41.700000000","Hospital Outpatient"
"33272","10","014","6","2019-01-22 11:10:41.700000000","Hospital - Laboratory Services Provided to Non-patients"
"33272","10","022","6","2019-01-22 11:10:41.703000000","Skilled Nursing - Inpatient (Medicare Part B only)"
"33272","10","023","6","2019-01-22 11:10:41.703000000","Skilled Nursing - Outpatient"
"33272","10","085","6","2019-01-22 11:10:41.707000000","Critical Access Hospital"
"33273","18","013","6","2019-01-04 16:05:35.227000000","Hospital Outpatient"
"33273","18","021","6","2019-01-04 16:05:35.227000000","Skilled Nursing - Inpatient (Including Medicare Part A)"
"33273","18","023","6","2019-01-04 16:05:35.230000000","Skilled Nursing - Outpatient"
"33273","18","085","6","2019-01-04 16:05:35.230000000","Critical Access Hospital"
"33275","18","013","6","2018-12-10 14:38:05.113000000","Hospital Outpatient"
"33275","18","021","6","2018-12-10 14:38:05.117000000","Skilled Nursing - Inpatient (Including Medicare Part A)"
"33275","18","023","6","2018-12-10 14:38:05.117000000","Skilled Nursing - Outpatient"
"33275","18","085","6","2018-12-10 14:38:05.120000000","Critical Access Hospital"
"33278","9","013","6","2018-10-03 13:29:20.450000000","Hospital Outpatient"
"33278","9","022","6","2018-10-03 13:29:20.450000000","Skilled Nursing - Inpatient (Medicare Part B only)"
"33278","9","023","6","2018-10-03 13:29:20.453000000","Skilled Nursing - Outpatient"
"33278","9","085","6","2018-10-03 13:29:20.453000000","Critical Access Hospital"
"33412","6","011","5","2014-05-28 15:49:15","Hospital Inpatient (Including Medicare Part A)"
"33412","6","013","5","2014-05-28 15:49:15","Hospital Outpatient"
"33412","6","085","5","2014-05-28 15:49:15","Critical Access Hospital"
"33595","8","013","6","2018-01-11 11:57:34.203000000","Hospital Outpatient"
"33595","8","085","6","2018-01-11 11:57:34.213000000","Critical Access Hospital"
"33613","21","011","6","2017-05-04 11:14:24.380000000","Hospital Inpatient (Including Medicare Part A)"
"33613","21","012","6","2017-05-04 11:14:24.380000000","Hospital Inpatient (Medicare Part B only)"
"33613","21","013","6","2017-05-04 11:14:24.383000000","Hospital Outpatient"
"33613","21","021","6","2017-05-04 11:14:24.383000000","Skilled Nursing - Inpatient (Including Medicare Part A)"
"33613","21","022","6","2017-05-04 11:14:24.387000000","Skilled Nursing - Inpatient (Medicare Part B only)"
"33613","21","023","6","2017-05-04 11:14:24.390000000","Skilled Nursing - Outpatient"
"33613","21","071","6","2017-05-04 11:14:24.390000000","Clinic - Rural Health"
"33613","21","073","6","2017-05-04 11:14:24.393000000","Clinic - Freestanding"
"33613","21","077","6","2017-05-04 11:14:24.393000000","Clinic - Federally Qualified Health Center (FQHC)"
"33613","21","085","6","2017-05-04 11:14:24.397000000","Critical Access Hospital"
"33722","12","013","6","2018-05-03 09:32:44.153000000","Hospital Outpatient"
"33722","12","021","6","2018-05-03 09:32:44.153000000","Skilled Nursing - Inpatient (Including Medicare Part A)"
"33722","12","023","6","2018-05-03 09:32:44.157000000","Skilled Nursing - Outpatient"
"33722","12","085","6","2018-05-03 09:32:44.157000000","Critical Access Hospital"
"33723","16","013","6","2018-10-03 13:41:40.753000000","Hospital Outpatient"
"33723","16","021","6","2018-10-03 13:41:40.753000000","Skilled Nursing - Inpatient (Including Medicare Part A)"
"33723","16","022","6","2018-10-03 13:41:40.757000000","Skilled Nursing - Inpatient (Medicare Part B only)"
"33723","16","023","6","2018-10-03 13:41:40.760000000","Skilled Nursing - Outpatient"
"33723","16","085","6","2018-10-03 13:41:40.760000000","Critical Access Hospital"
"33726","18","013","6","2018-06-15 11:02:08.603000000","Hospital Outpatient"
"33726","18","022","6","2018-06-15 11:02:08.603000000","Skilled Nursing - Inpatient (Medicare Part B only)"
"33726","18","023","6","2018-06-15 11:02:08.607000000","Skilled Nursing - Outpatient"
"33726","18","085","6","2018-06-15 11:02:08.610000000","Critical Access Hospital"
"33727","10","013","6","2019-01-22 11:15:35.580000000","Hospital Outpatient"
"33727","10","022","6","2019-01-22 11:15:35.583000000","Skilled Nursing - Inpatient (Medicare Part B only)"
"33727","10","023","6","2019-01-22 11:15:35.583000000","Skilled Nursing - Outpatient"
"33727","10","085","6","2019-01-22 11:15:35.587000000","Critical Access Hospital"
"33729","10","013","6","2019-01-22 11:16:32.427000000","Hospital Outpatient"
"33729","10","021","6","2019-01-22 11:16:32.427000000","Skilled Nursing - Inpatient (Including Medicare Part A)"
"33729","10","023","6","2019-01-22 11:16:32.430000000","Skilled Nursing - Outpatient"
"33729","10","085","6","2019-01-22 11:16:32.430000000","Critical Access Hospital"
"33730","20","013","6","2018-10-05 15:50:46.543000000","Hospital Outpatient"
"33730","20","022","6","2018-10-05 15:50:46.543000000","Skilled Nursing - Inpatient (Medicare Part B only)"
"33730","20","023","6","2018-10-05 15:50:46.547000000","Skilled Nursing - Outpatient"
"33730","20","085","6","2018-10-05 15:50:46.547000000","Critical Access Hospital"
"33746","21","013","6","2019-01-22 11:17:35.033000000","Hospital Outpatient"
"33746","21","021","6","2019-01-22 11:17:35.037000000","Skilled Nursing - Inpatient (Including Medicare Part A)"
"33746","21","022","6","2019-01-22 11:17:35.037000000","Skilled Nursing - Inpatient (Medicare Part B only)"
"33746","21","023","6","2019-01-22 11:17:35.040000000","Skilled Nursing - Outpatient"
"33746","21","085","6","2019-01-22 11:17:35.040000000","Critical Access Hospital"
"33748","9","013","6","2019-01-22 11:18:24.677000000","Hospital Outpatient"
"33748","9","021","6","2019-01-22 11:18:24.677000000","Skilled Nursing - Inpatient (Including Medicare Part A)"
"33748","9","023","6","2019-01-22 11:18:24.680000000","Skilled Nursing - Outpatient"
"33748","9","085","6","2019-01-22 11:18:24.680000000","Critical Access Hospital"
"33752","11","013","6","2019-01-22 11:19:21.953000000","Hospital Outpatient"
"33752","11","021","6","2019-01-22 11:19:21.957000000","Skilled Nursing - Inpatient (Including Medicare Part A)"
"33752","11","023","6","2019-01-22 11:19:21.957000000","Skilled Nursing - Outpatient"
"33752","11","085","6","2019-01-22 11:19:21.960000000","Critical Access Hospital"
"33808","11","014","6","2019-01-22 11:24:02.480000000","Hospital - Laboratory Services Provided to Non-patients"
"33934","9","999","6","2019-01-22 11:25:54.260000000","Not Applicable"
"33972","29","013","6","2019-01-04 15:57:09.557000000","Hospital Outpatient"
"33972","29","076","6","2019-01-04 15:57:09.560000000","Clinic - Community Mental Health Center"
"33972","29","085","6","2019-01-04 15:57:09.567000000","Critical Access Hospital"
"33978","11","013","6","2019-01-22 11:27:46.760000000","Hospital Outpatient"
"33978","11","021","6","2019-01-22 11:27:46.763000000","Skilled Nursing - Inpatient (Including Medicare Part A)"
"33978","11","022","6","2019-01-22 11:27:46.763000000","Skilled Nursing - Inpatient (Medicare Part B only)"
"33978","11","023","6","2019-01-22 11:27:46.767000000","Skilled Nursing - Outpatient"
"33978","11","085","6","2019-01-22 11:27:46.770000000","Critical Access Hospital"
"33989","13","013","6","2018-10-18 18:48:31.483000000","Hospital Outpatient"
"33989","13","021","6","2018-10-18 18:48:31.487000000","Skilled Nursing - Inpatient (Including Medicare Part A)"
"33989","13","022","6","2018-10-18 18:48:31.487000000","Skilled Nursing - Inpatient (Medicare Part B only)"
"33989","13","023","6","2018-10-18 18:48:31.490000000","Skilled Nursing - Outpatient"
"33989","13","085","6","2018-10-18 18:48:31.490000000","Critical Access Hospital"
"33998","9","013","6","2018-06-08 09:59:35.390000000","Hospital Outpatient"
"33998","9","021","6","2018-06-08 09:59:35.393000000","Skilled Nursing - Inpatient (Including Medicare Part A)"
"33998","9","022","6","2018-06-08 09:59:35.397000000","Skilled Nursing - Inpatient (Medicare Part B only)"
"33998","9","023","6","2018-06-08 09:59:35.397000000","Skilled Nursing - Outpatient"
"33998","9","085","6","2018-06-08 09:59:35.400000000","Critical Access Hospital"
"34242","26","999","6","2018-08-30 13:12:49.673000000","Not Applicable"
"36314","15","023","6","2018-12-19 15:54:24.470000000","Skilled Nursing - Outpatient"
"36316","16","023","6","2018-12-19 16:01:02.630000000","Skilled Nursing - Outpatient"
"36342","44","012","6","2019-06-21 22:37:58.913000000","Hospital Inpatient (Medicare Part B only)"
"36342","44","013","6","2019-06-21 22:37:58.913000000","Hospital Outpatient"
"36342","44","022","6","2019-06-21 22:37:58.917000000","Skilled Nursing - Inpatient (Medicare Part B only)"
"36342","44","023","6","2019-06-21 22:37:58.917000000","Skilled Nursing - Outpatient"
"36342","44","071","6","2019-06-21 22:37:58.920000000","Clinic - Rural Health"
"36342","44","077","6","2019-06-21 22:37:58.920000000","Clinic - Federally Qualified Health Center (FQHC)"
"36342","44","085","6","2019-06-21 22:37:58.923000000","Critical Access Hospital"
"36355","30","999","6","2019-04-05 21:39:20.430000000","Not Applicable"
"36376","4","012","6","2016-02-03 12:06:07.330000000","Hospital Inpatient (Medicare Part B only)"
"36376","4","013","6","2016-02-03 12:06:07.333000000","Hospital Outpatient"
"36376","4","014","6","2016-02-03 12:06:07.333000000","Hospital - Laboratory Services Provided to Non-patients"
"36376","4","022","6","2016-02-03 12:06:07.337000000","Skilled Nursing - Inpatient (Medicare Part B only)"
"36376","4","023","6","2016-02-03 12:06:07.340000000","Skilled Nursing - Outpatient"
"37796","37","999","6","2019-01-25 12:19:52.880000000","Not Applicable"
"37999","14","0","6","2019-05-15 14:52:14.643000000","TBD"
"38000","10","0","6","2019-05-15 14:50:10.170000000","TBD"
"38027","4","999","6","2019-03-22 11:53:38.530000000","Not Applicable"
"38156","3","011","6","2019-05-17 07:47:01.027000000","Hospital Inpatient (Including Medicare Part A)"
"38156","3","012","6","2019-05-17 07:47:01.027000000","Hospital Inpatient (Medicare Part B only)"
"38156","3","013","6","2019-05-17 07:47:01.040000000","Hospital Outpatient"
"38156","3","014","6","2019-05-17 07:47:01.043000000","Hospital - Laboratory Services Provided to Non-patients"
"38156","3","018","6","2019-05-17 07:47:01.047000000","Hospital - Swing Beds"
"38156","3","021","6","2019-05-17 07:47:01.047000000","Skilled Nursing - Inpatient (Including Medicare Part A)"
"38156","3","022","6","2019-05-17 07:47:01.047000000","Skilled Nursing - Inpatient (Medicare Part B only)"
"38156","3","023","6","2019-05-17 07:47:01.050000000","Skilled Nursing - Outpatient"
"38200","3","0","6","2019-05-24 08:05:08.173000000","TBD"
"38222","40","999","6","2019-06-21 09:31:16.350000000","Not Applicable"
"38226","6","999","6","2019-06-21 20:49:00.357000000","Not Applicable"
"38228","10","999","6","2019-06-21 09:53:52.443000000","Not Applicable"
"38230","7","999","6","2019-06-21 21:15:11.957000000","Not Applicable"
"38232","3","999","6","2019-06-21 20:58:11.693000000","Not Applicable"
"38234","12","999","6","2019-06-21 09:58:30.530000000","Not Applicable"
"38298","6","999","6","2019-08-21 15:19:35.957000000","Not Applicable"
"38300","8","999","6","2019-08-21 15:21:08.367000000","Not Applicable"
"38384","21","999","6","2019-08-23 15:47:18.590000000","Not Applicable"
"38395","3","999","6","2019-08-22 19:44:23.760000000","Not Applicable"
"38397","3","999","6","2019-08-22 20:04:37.083000000","Not Applicable"
"38401","6","999","6","2019-08-22 19:17:48.800000000","Not Applicable"
